account_id,company_name,industry,region,amount,days_overdue,payment_history_score,shipment_volume_change_30d,shipment_volume_30d,express_ratio,destination_diversity,contact_attempts,customer_tenure_months,email_opened,dispute_flag
ACC0,Company_0,Construction,West,10078,72,0.28,-0.42,403,0,1,5,24,1,1
ACC1,Company_1,Medical,West,26003,68,0.31,-0.38,1040,0,0,4,36,0,1
ACC2,Company_2,Textile,West,7090,75,0.22,-0.45,283,0,0,6,12,1,1
ACC3,Company_3,Medical,West,39850,12,0.85,0.35,1594,0,0,1,48,1,0
ACC4,Company_4,Medical,West,2925,8,0.91,0.42,117,1,0,0,8,0,0
ACC5,Company_5,Tech,North,19440,78,0.19,-0.41,777,1,0,7,60,1,1
ACC6,Company_6,Textile,West,40685,15,0.88,0.38,1627,1,0,1,24,1,0
ACC7,Company_7,Textile,North,27015,22,0.79,0.29,1080,0,0,2,18,0,0
ACC8,Company_8,Textile,West,34320,18,0.92,0.33,1372,1,0,1,42,1,0
ACC9,Company_9,Medical,East,26291,65,0.25,-0.44,1051,1,0,4,30,0,1
ACC10,Company_10,Construction,South,37679,71,0.33,-0.39,1507,1,0,5,52,1,1
ACC11,Company_11,Textile,North,27289,82,0.27,-0.47,1091,1,0,8,14,0,1
ACC12,Company_12,Medical,West,4389,77,0.21,-0.43,175,1,0,6,9,1,1
ACC13,Company_13,Tech,East,26683,69,0.35,-0.36,1067,0,1,4,22,1,0
ACC14,Company_14,Construction,South,14629,11,0.89,0.41,585,0,0,1,36,0,0
ACC15,Company_15,Tech,North,25826,25,0.82,0.27,1033,1,0,2,28,1,0
ACC16,Company_16,Construction,South,36198,19,0.76,0.32,1447,0,0,1,40,0,0
ACC17,Company_17,Medical,East,27630,5,0.94,0.48,1105,0,0,0,15,1,0
ACC18,Company_18,Retail,North,34226,84,0.18,-0.49,1369,1,0,9,5,0,1
ACC19,Company_19,Construction,South,47163,79,0.24,-0.38,1886,1,0,7,72,1,1
ACC20,Company_20,Tech,West,33975,9,0.87,0.36,1359,0,0,1,19,0,0
ACC21,Company_21,Medical,North,1899,14,0.93,0.44,75,1,0,1,4,1,0
ACC22,Company_22,Construction,South,12653,73,0.29,-0.41,506,0,0,5,31,0,1
ACC23,Company_23,Retail,East,28961,7,0.81,0.39,1158,0,1,0,44,1,0
ACC24,Company_24,Retail,East,17405,16,0.86,0.31,696,1,1,1,26,1,0
ACC25,Company_25,Textile,North,9601,88,0.17,-0.48,384,0,0,9,12,0,1
ACC26,Company_26,Textile,South,34662,76,0.32,-0.44,1386,0,0,6,22,1,1
ACC27,Company_27,Tech,North,34282,67,0.26,-0.37,1371,0,0,4,36,0,1
ACC28,Company_28,Construction,North,22288,81,0.23,-0.46,891,1,0,8,10,1,1
ACC29,Company_29,Construction,South,30545,74,0.34,-0.42,1221,1,0,5,28,0,1
ACC30,Company_30,Textile,South,37877,70,0.28,-0.39,1515,1,0,5,40,1,1
ACC31,Company_31,Construction,West,47026,83,0.19,-0.45,1881,1,1,9,6,0,1
ACC32,Company_32,Construction,South,16313,86,0.21,-0.48,652,0,1,9,4,1,1
ACC33,Company_33,Retail,East,16349,66,0.31,-0.36,653,1,0,4,20,0,1
ACC34,Company_34,Textile,North,8179,89,0.16,-0.47,327,1,0,9,12,1,1
ACC35,Company_35,Medical,North,11326,13,0.84,0.37,453,1,0,1,42,1,0
ACC36,Company_36,Textile,East,45555,85,0.22,-0.43,1822,1,0,9,8,0,1
ACC37,Company_37,Medical,South,2560,78,0.27,-0.41,102,0,0,7,5,1,1
ACC38,Company_38,Retail,East,14612,21,0.78,0.34,584,0,0,2,30,0,0
ACC39,Company_39,Tech,East,18650,72,0.33,-0.38,746,0,0,5,45,1,1
ACC40,Company_40,Construction,West,27745,69,0.25,-0.44,1109,1,0,4,28,0,1
ACC41,Company_41,Retail,East,32890,17,0.91,0.43,1315,1,0,1,50,1,0
ACC42,Company_42,Construction,North,21022,87,0.18,-0.49,840,0,0,9,11,0,1
ACC43,Company_43,Tech,East,5780,6,0.95,0.47,231,1,0,0,32,1,0
ACC44,Company_44,Tech,North,19311,75,0.29,-0.42,772,1,0,6,54,0,1
ACC45,Company_45,Retail,North,29380,23,0.83,0.28,1175,0,0,2,22,1,0
ACC46,Company_46,Tech,North,45662,64,0.34,-0.35,1826,0,0,4,48,0,1
ACC47,Company_47,Medical,South,3356,71,0.26,-0.46,134,1,0,5,16,1,1
ACC48,Company_48,Tech,West,5790,80,0.21,-0.43,231,1,0,8,7,0,1
ACC49,Company_49,Construction,North,27911,10,0.88,0.41,1116,1,1,1,36,1,0
ACC50,Company_50,Construction,North,25363,77,0.24,-0.39,1014,0,0,6,12,0,1
ACC51,Company_51,Construction,South,21049,24,0.79,0.33,841,0,0,2,28,1,0
ACC52,Company_52,Construction,North,11181,82,0.28,-0.47,447,0,0,8,15,0,1
ACC53,Company_53,Medical,East,40825,19,0.85,0.38,1633,0,0,1,42,1,0
ACC54,Company_54,Textile,East,17082,15,0.92,0.45,683,1,0,1,54,0,0
ACC55,Company_55,Retail,West,1661,84,0.17,-0.48,66,0,1,9,4,1,1
ACC56,Company_56,Construction,North,38412,68,0.32,-0.36,1536,0,0,4,36,0,1
ACC57,Company_57,Tech,South,49479,73,0.23,-0.41,1979,1,0,5,48,1,1
ACC58,Company_58,Construction,East,3920,79,0.19,-0.44,156,1,0,7,12,0,1
ACC59,Company_59,Tech,South,26658,86,0.25,-0.49,1066,1,0,9,9,1,1
ACC60,Company_60,Tech,South,49770,76,0.31,-0.42,1990,0,0,6,28,0,1
ACC61,Company_61,Construction,East,15025,70,0.27,-0.37,601,1,0,5,34,1,1
ACC62,Company_62,Medical,South,9946,81,0.22,-0.45,397,1,0,8,18,0,1
ACC63,Company_63,Tech,East,29706,12,0.87,0.36,1188,0,0,1,52,1,0
ACC64,Company_64,Tech,South,46500,74,0.33,-0.38,1860,0,0,5,60,0,1
ACC65,Company_65,Construction,East,40004,67,0.29,-0.43,1600,1,0,4,42,1,1
ACC66,Company_66,Tech,North,17309,83,0.18,-0.46,692,0,1,9,14,0,1
ACC67,Company_67,Tech,West,47286,8,0.94,0.49,1891,1,0,0,66,1,0
ACC68,Company_68,Construction,East,34120,85,0.24,-0.48,1364,1,0,9,8,1,1
ACC69,Company_69,Construction,East,31027,72,0.35,-0.35,1241,0,0,5,30,0,1
ACC70,Company_70,Retail,West,8005,78,0.21,-0.41,320,1,0,7,16,1,1
ACC71,Company_71,Medical,East,47804,69,0.26,-0.39,1912,0,0,4,22,0,1
ACC72,Company_72,Medical,East,1956,88,0.16,-0.47,78,0,0,9,10,1,1
ACC73,Company_73,Tech,South,35839,11,0.89,0.42,1433,0,0,1,48,0,0
ACC74,Company_74,Medical,West,9595,18,0.93,0.31,383,1,0,1,54,1,0
ACC75,Company_75,Tech,North,48908,75,0.28,-0.44,1956,0,0,6,36,0,1
ACC76,Company_76,Retail,East,13803,14,0.82,0.37,552,0,0,1,28,1,0
ACC77,Company_77,Construction,West,26963,71,0.32,-0.36,1078,1,0,5,42,0,1
ACC78,Company_78,Construction,South,37221,9,0.96,0.46,1488,1,0,0,72,1,0
ACC79,Company_79,Construction,North,40443,7,0.91,0.43,1617,1,1,0,60,1,0
ACC80,Company_80,Medical,West,34723,77,0.23,-0.42,1388,1,0,6,15,0,1
ACC81,Company_81,Retail,North,40063,22,0.78,0.29,1602,0,0,2,24,1,0
ACC82,Company_82,Medical,North,49689,80,0.27,-0.45,1987,0,0,8,12,0,1
ACC83,Company_83,Medical,North,16282,66,0.34,-0.38,651,0,0,4,30,1,1
ACC84,Company_84,Retail,East,5703,84,0.19,-0.49,228,1,0,9,6,0,1
ACC85,Company_85,Retail,East,7563,73,0.25,-0.41,302,1,1,5,18,1,1
ACC86,Company_86,Retail,South,26849,5,0.88,0.35,1073,0,0,0,48,0,0
ACC87,Company_87,Retail,South,32860,25,0.81,0.33,1314,1,0,2,36,1,0
ACC88,Company_88,Construction,West,32585,87,0.17,-0.47,1303,1,0,9,11,0,1
ACC89,Company_89,Textile,South,23015,16,0.85,0.41,920,0,0,1,28,1,0
ACC90,Company_90,Textile,North,13003,21,0.79,0.28,520,0,0,2,24,0,0
ACC91,Company_91,Retail,North,44585,76,0.31,-0.43,1783,1,0,6,15,1,1
ACC92,Company_92,Textile,East,27958,13,0.92,0.39,1118,1,0,1,52,1,0
ACC93,Company_93,Textile,North,27017,89,0.18,-0.48,1080,1,0,9,8,0,1
ACC94,Company_94,Retail,West,12171,82,0.22,-0.44,486,0,0,8,14,1,1
ACC95,Company_95,Textile,North,46350,6,0.95,0.47,1854,0,0,0,60,1,0
ACC96,Company_96,Medical,North,13201,79,0.26,-0.36,528,0,0,7,22,0,1
ACC97,Company_97,Tech,West,30426,19,0.86,0.32,1217,0,0,1,36,1,0
ACC98,Company_98,Tech,South,18778,17,0.83,0.38,751,0,0,1,42,0,0
ACC99,Company_99,Retail,South,46241,10,0.94,0.45,1849,1,0,1,54,1,0
ACC100,Company_100,Construction,West,43229,74,0.29,-0.39,1729,1,0,5,36,1,1
ACC101,Company_101,Retail,East,22116,81,0.24,-0.46,884,1,0,8,12,0,1
ACC102,Company_102,Construction,North,49364,85,0.21,-0.42,1974,0,0,9,9,1,1
ACC103,Company_103,Tech,West,34297,70,0.33,-0.35,1371,0,0,5,24,0,1
ACC104,Company_104,Retail,North,20342,86,0.16,-0.48,813,0,1,9,4,1,1
ACC105,Company_105,Medical,East,28490,15,0.87,0.36,1139,1,0,1,48,1,0
ACC106,Company_106,Textile,North,20975,78,0.28,-0.41,839,0,0,7,18,0,1
ACC107,Company_107,Construction,West,27723,23,0.82,0.29,1108,0,0,2,30,1,0
ACC108,Company_108,Textile,North,24279,12,0.91,0.44,971,1,0,1,42,1,0
ACC109,Company_109,Textile,South,13765,20,0.78,0.31,550,0,0,2,24,0,0
ACC110,Company_110,Retail,East,47678,72,0.35,-0.37,1907,1,0,5,33,1,1
ACC111,Company_111,Textile,East,12561,18,0.84,0.42,502,0,0,1,54,1,0
ACC112,Company_112,Medical,East,42899,14,0.89,0.48,1715,0,0,1,60,0,0
ACC113,Company_113,Textile,West,1525,83,0.19,-0.45,61,1,0,9,7,1,1
ACC114,Company_114,Retail,East,23861,75,0.25,-0.43,954,1,0,6,15,0,1
ACC115,Company_115,Medical,South,34142,8,0.93,0.35,1365,1,0,0,72,1,0
ACC116,Company_116,Tech,West,27916,77,0.31,-0.38,1116,1,0,6,28,0,1
ACC117,Company_117,Textile,South,45965,84,0.22,-0.49,1838,1,0,9,11,1,1
ACC118,Company_118,Retail,North,5648,69,0.27,-0.36,225,1,0,4,19,0,1
ACC119,Company_119,Tech,North,36133,80,0.23,-0.44,1445,0,0,8,13,1,1
ACC120,Company_120,Tech,North,31523,88,0.17,-0.47,1260,0,1,9,5,1,1
ACC121,Company_121,Construction,North,30052,4,0.96,0.46,1202,1,0,0,84,1,0
ACC122,Company_122,Medical,South,35414,7,0.88,0.41,1416,0,0,0,48,0,0
ACC123,Company_123,Textile,West,33781,16,0.85,0.33,1351,1,0,1,36,1,0
ACC124,Company_124,Retail,West,5599,22,0.79,0.28,223,0,0,2,24,0,0
ACC125,Company_125,Construction,East,36046,24,0.81,0.37,1441,1,0,2,40,1,0
ACC126,Company_126,Medical,South,48064,76,0.32,-0.42,1922,0,0,6,30,0,1
ACC127,Company_127,Construction,North,36923,71,0.26,-0.39,1476,0,0,5,22,1,1
ACC128,Company_128,Medical,South,42089,19,0.76,0.34,1683,0,1,1,50,1,0
ACC129,Company_129,Medical,East,4814,21,0.83,0.29,192,0,0,2,18,0,0
ACC130,Company_130,Textile,East,46893,25,0.92,0.43,1875,0,0,2,54,1,0
ACC131,Company_131,Medical,South,36984,79,0.28,-0.45,1479,1,0,7,12,1,1
ACC132,Company_132,Construction,South,27616,87,0.21,-0.48,1104,1,0,9,6,0,1
ACC133,Company_133,Medical,South,3113,73,0.34,-0.35,124,1,0,5,25,1,1
ACC134,Company_134,Textile,West,44006,13,0.87,0.38,1760,0,0,1,44,0,0
ACC135,Company_135,Textile,North,14760,82,0.24,-0.41,590,1,0,8,10,1,1
ACC136,Company_136,Construction,South,22927,11,0.94,0.47,917,0,1,1,36,1,0
ACC137,Company_137,Tech,South,21939,68,0.29,-0.36,877,0,0,4,28,0,1
ACC138,Company_138,Tech,South,33419,74,0.33,-0.43,1336,0,0,5,34,1,1
ACC139,Company_139,Medical,East,13588,81,0.19,-0.46,543,1,1,8,12,0,1
ACC140,Company_140,Retail,East,37142,78,0.25,-0.38,1485,0,0,7,20,1,1
ACC141,Company_141,Medical,West,40198,70,0.31,-0.44,1607,1,0,5,30,0,1
ACC142,Company_142,Construction,North,45738,75,0.22,-0.49,1829,1,1,6,9,1,1
ACC143,Company_143,Construction,West,34397,6,0.95,0.42,1375,0,0,0,66,1,0
ACC144,Company_144,Construction,North,17653,9,0.91,0.31,706,0,1,0,54,0,0
ACC145,Company_145,Construction,East,11831,67,0.27,-0.35,473,1,0,4,22,1,1
ACC146,Company_146,Construction,East,6724,17,0.86,0.45,268,1,0,1,48,1,0
ACC147,Company_147,Textile,East,12083,23,0.82,0.36,483,1,0,2,30,0,0
ACC148,Company_148,Tech,West,46917,26,0.78,0.29,1876,1,0,2,42,1,0
ACC149,Company_149,Construction,South,20816,72,0.35,-0.41,832,1,0,5,28,1,1
ACC150,Company_150,Retail,South,43240,20,0.84,0.33,1729,1,0,2,36,0,0
ACC151,Company_151,Retail,East,7276,18,0.89,0.48,291,0,1,1,54,1,0
ACC152,Company_152,Retail,South,49403,85,0.21,-0.47,1976,1,0,9,8,1,1
ACC153,Company_153,Retail,South,39663,77,0.26,-0.42,1586,1,0,6,15,0,1
ACC154,Company_154,Textile,West,14994,14,0.93,0.39,599,1,0,1,60,1,0
ACC155,Company_155,Retail,North,24499,83,0.18,-0.45,979,1,0,9,10,0,1
ACC156,Company_156,Construction,East,24040,15,0.87,0.35,961,0,0,1,48,1,0
ACC157,Company_157,Medical,East,44320,69,0.32,-0.36,1772,0,0,4,30,0,1
ACC158,Company_158,Retail,West,17959,12,0.96,0.44,718,1,0,1,72,1,0
ACC159,Company_159,Textile,West,7099,80,0.24,-0.48,283,1,0,8,11,1,1
ACC160,Company_160,Textile,South,43267,76,0.29,-0.39,1730,1,0,6,24,0,1
ACC161,Company_161,Retail,East,20576,71,0.33,-0.43,823,0,0,5,28,1,1
ACC162,Company_162,Medical,North,36946,5,0.88,0.41,1477,0,0,0,54,0,0
ACC163,Company_163,Retail,West,7116,21,0.81,0.32,284,0,0,2,36,1,0
ACC164,Company_164,Textile,North,16563,16,0.85,0.46,662,0,0,1,42,0,0
ACC165,Company_165,Tech,North,27788,74,0.25,-0.35,1111,0,0,5,30,1,1
ACC166,Company_166,Construction,East,27928,8,0.94,0.38,1117,0,0,0,60,0,0
ACC167,Company_167,Textile,East,37336,79,0.21,-0.44,1493,1,0,7,12,1,1
ACC168,Company_168,Retail,West,10847,19,0.79,0.29,433,0,0,1,24,0,0
ACC169,Company_169,Construction,East,27155,73,0.31,-0.46,1086,0,0,5,28,1,1
ACC170,Company_170,Retail,East,15135,86,0.17,-0.48,605,1,0,9,9,1,1
ACC171,Company_171,Retail,East,18774,82,0.22,-0.41,750,0,1,8,14,0,1
ACC172,Company_172,Tech,North,2742,22,0.83,0.35,109,1,0,2,36,1,0
ACC173,Company_173,Construction,West,19309,68,0.27,-0.37,772,0,0,4,30,0,1
ACC174,Company_174,Construction,South,1619,84,0.19,-0.49,64,1,0,9,6,1,1
ACC175,Company_175,Tech,North,18658,78,0.34,-0.42,746,1,1,7,22,0,1
ACC176,Company_176,Textile,East,35707,10,0.92,0.43,1428,1,0,1,60,1,0
ACC177,Company_177,Retail,North,21337,7,0.97,0.47,853,1,0,0,72,1,0
ACC178,Company_178,Medical,East,17001,24,0.76,0.31,680,1,0,2,36,0,0
ACC179,Company_179,Retail,East,1968,6,0.91,0.39,78,0,0,0,54,1,0
ACC180,Company_180,Retail,North,48614,70,0.28,-0.35,1944,0,0,5,33,0,1
ACC181,Company_181,Textile,West,26892,75,0.32,-0.43,1075,1,0,6,28,1,1
ACC182,Company_182,Retail,East,26619,13,0.89,0.45,1064,1,0,1,48,1,0
ACC183,Company_183,Tech,West,1281,25,0.82,0.33,51,1,1,2,36,0,0
ACC184,Company_184,Tech,South,28420,81,0.24,-0.46,1136,0,0,8,12,1,1
ACC185,Company_185,Construction,East,16360,77,0.26,-0.38,654,1,0,6,22,1,1
ACC186,Company_186,Medical,West,40030,9,0.95,0.48,1601,1,0,0,84,0,0
ACC187,Company_187,Retail,West,2058,72,0.33,-0.41,82,1,0,5,30,1,1
ACC188,Company_188,Retail,South,21677,11,0.87,0.36,867,1,0,1,42,1,0
ACC189,Company_189,Textile,West,11724,17,0.93,0.42,468,0,0,1,54,0,0
ACC190,Company_190,Tech,West,29404,85,0.18,-0.47,1176,1,0,9,8,1,1
ACC191,Company_191,Medical,South,38946,69,0.29,-0.35,1557,1,0,4,36,1,1
ACC192,Company_192,Construction,East,40748,83,0.21,-0.49,1629,0,0,9,7,0,1
ACC193,Company_193,Tech,West,30856,23,0.78,0.29,1234,1,0,2,30,1,0
ACC194,Company_194,Construction,West,10200,18,0.84,0.37,408,1,0,1,36,1,0
ACC195,Company_195,Textile,West,34997,12,0.91,0.44,1399,0,0,1,48,0,0
ACC196,Company_196,Textile,North,26611,4,0.88,0.31,1064,0,0,0,60,1,0
ACC197,Company_197,Retail,South,42235,8,0.86,0.38,1689,0,0,0,54,0,0
ACC198,Company_198,Medical,North,36057,80,0.25,-0.42,1442,1,0,8,11,1,1
ACC199,Company_199,Construction,South,2239,74,0.31,-0.36,89,1,0,5,25,1,1
ACC200,Company_200,Tech,East,39138,71,0.34,-0.44,1565,0,0,5,33,0,1
ACC201,Company_201,Textile,East,49938,76,0.22,-0.39,1997,0,0,6,28,1,1
ACC202,Company_202,Retail,West,1125,15,0.96,0.46,45,0,0,1,72,0,0
ACC203,Company_203,Retail,South,46272,79,0.27,-0.48,1850,1,0,7,12,1,1
ACC204,Company_204,Construction,East,24857,6,0.94,0.43,994,1,0,0,60,1,0
ACC205,Company_205,Textile,South,16398,67,0.33,-0.35,655,0,0,4,30,0,1
ACC206,Company_206,Medical,East,7638,73,0.28,-0.41,305,1,0,5,22,1,1
ACC207,Company_207,Textile,North,7570,78,0.24,-0.45,302,0,0,7,15,0,1
ACC208,Company_208,Construction,East,4249,9,0.89,0.35,169,1,0,0,54,1,0
ACC209,Company_209,Construction,North,10110,84,0.19,-0.47,404,1,0,9,9,1,1
ACC210,Company_210,Textile,East,41363,70,0.32,-0.36,1654,1,0,5,36,1,1
ACC211,Company_211,Construction,West,14605,14,0.93,0.48,584,1,0,1,48,1,0
ACC212,Company_212,Textile,North,13115,82,0.21,-0.43,524,0,0,8,14,0,1
ACC213,Company_213,Tech,East,40062,69,0.26,-0.38,1602,1,0,4,28,1,1
ACC214,Company_214,Textile,West,23911,11,0.87,0.41,956,1,0,1,36,1,0
ACC215,Company_215,Textile,North,39525,77,0.29,-0.49,1581,0,0,6,22,0,1
ACC216,Company_216,Construction,West,33556,7,0.95,0.33,1342,1,0,0,72,1,0
ACC217,Company_217,Construction,South,13595,5,0.91,0.39,543,0,0,0,60,0,0
ACC218,Company_218,Retail,South,2969,85,0.17,-0.44,118,0,0,9,8,1,1
ACC219,Company_219,Retail,North,44753,72,0.34,-0.35,1790,1,0,5,30,1,1
ACC220,Company_220,Tech,East,18275,81,0.22,-0.46,731,1,0,8,11,1,1
ACC221,Company_221,Retail,North,5470,13,0.82,0.29,218,0,0,1,36,0,0
ACC222,Company_222,Textile,West,11225,75,0.28,-0.41,449,0,0,6,24,0,1
ACC223,Company_223,Construction,East,43324,8,0.88,0.45,1732,0,0,0,54,0,0
ACC224,Company_224,Retail,South,42974,16,0.85,0.36,1718,1,1,1,42,1,0
ACC225,Company_225,Retail,East,43759,79,0.24,-0.48,1750,0,0,7,12,0,1
ACC226,Company_226,Tech,South,24196,19,0.79,0.32,967,0,0,1,36,0,0
ACC227,Company_227,Tech,East,41287,83,0.31,-0.42,1651,0,0,9,9,1,1
ACC228,Company_228,Textile,East,14669,74,0.26,-0.35,586,1,0,5,28,1,1
ACC229,Company_229,Construction,East,38380,6,0.97,0.47,1535,0,0,0,84,0,0
ACC230,Company_230,Tech,West,46141,78,0.33,-0.39,1845,1,0,7,24,1,1
ACC231,Company_231,Retail,West,49320,71,0.29,-0.44,1972,1,0,5,30,1,1
ACC232,Company_232,Construction,North,48414,12,0.92,0.38,1936,0,0,1,66,0,0
ACC233,Company_233,Construction,North,39006,17,0.86,0.31,1560,1,0,1,54,1,0
ACC234,Company_234,Retail,South,16577,80,0.21,-0.46,663,0,0,8,11,0,1
ACC235,Company_235,Tech,West,23473,68,0.35,-0.35,938,1,0,4,33,1,1
ACC236,Company_236,Retail,South,29625,76,0.25,-0.48,1185,1,0,6,15,1,1
ACC237,Company_237,Construction,North,16504,73,0.32,-0.41,660,0,0,5,28,0,1
ACC238,Company_238,Medical,South,25089,21,0.78,0.35,1003,0,0,2,42,1,0
ACC239,Company_239,Medical,North,37487,70,0.27,-0.36,1499,0,0,5,24,0,1
ACC240,Company_240,Textile,West,1302,24,0.83,0.43,52,1,0,2,36,1,0
ACC241,Company_241,Retail,East,32463,15,0.94,0.39,1298,1,0,1,60,1,0
ACC242,Company_242,Retail,West,45912,18,0.89,0.46,1836,0,0,1,54,0,0
ACC243,Company_243,Textile,South,30259,10,0.91,0.33,1210,0,0,1,48,1,0
ACC244,Company_244,Textile,South,43823,82,0.22,-0.45,1752,1,0,8,13,1,1
ACC245,Company_245,Textile,West,38208,77,0.28,-0.38,1528,1,0,6,22,1,1
ACC246,Company_246,Construction,West,31659,84,0.19,-0.49,1266,1,0,9,9,1,1
ACC247,Company_247,Retail,North,36840,86,0.24,-0.42,1473,0,0,9,11,0,1
ACC248,Company_248,Construction,South,32890,23,0.81,0.29,1315,1,0,2,30,1,0
ACC249,Company_249,Textile,South,14598,25,0.76,0.37,583,0,1,2,42,1,0
ACC250,Company_250,Retail,West,48055,4,0.96,0.48,1922,1,0,0,84,1,0
ACC251,Company_251,Construction,East,47733,79,0.31,-0.35,1909,1,0,7,24,1,1
ACC252,Company_252,Construction,South,20508,75,0.26,-0.43,820,0,0,6,15,0,1
ACC253,Company_253,Textile,East,43287,88,0.17,-0.47,1731,0,0,9,8,1,1
ACC254,Company_254,Retail,West,14380,71,0.33,-0.36,575,0,0,5,28,0,1
ACC255,Company_255,Textile,West,27984,14,0.87,0.41,1119,1,0,1,48,1,0
ACC256,Company_256,Retail,North,45633,22,0.93,0.44,1825,1,0,2,36,1,0
ACC257,Company_257,Medical,South,9125,81,0.21,-0.45,365,1,0,8,11,1,1
ACC258,Company_258,Tech,East,37059,74,0.29,-0.38,1482,0,0,5,28,0,1
ACC259,Company_259,Tech,North,5033,85,0.24,-0.49,201,1,0,9,9,1,1
ACC260,Company_260,Tech,South,38873,72,0.34,-0.41,1554,0,0,5,30,0,1
ACC261,Company_261,Textile,North,18087,78,0.25,-0.35,723,0,0,7,14,1,1
ACC262,Company_262,Medical,West,41901,69,0.32,-0.44,1676,0,0,4,28,0,1
ACC263,Company_263,Retail,South,6704,16,0.88,0.36,268,1,0,1,42,1,0
ACC264,Company_264,Construction,North,8848,80,0.27,-0.46,353,1,0,8,12,1,1
ACC265,Company_265,Retail,North,22592,83,0.22,-0.39,903,0,1,9,7,0,1
ACC266,Company_266,Construction,East,46743,19,0.85,0.32,1869,1,0,1,36,1,0
ACC267,Company_267,Retail,North,7924,21,0.79,0.45,316,0,0,2,24,0,0
ACC268,Company_268,Medical,South,28208,76,0.31,-0.48,1128,0,0,6,22,1,1
ACC269,Company_269,Construction,South,20614,77,0.26,-0.35,824,1,0,6,18,1,1
ACC270,Company_270,Textile,East,1488,73,0.33,-0.41,59,0,0,5,25,0,1
ACC271,Company_271,Retail,South,40882,13,0.92,0.38,1635,0,0,1,54,1,0
ACC272,Company_272,Retail,West,26923,9,0.95,0.47,1076,1,1,0,60,1,0
ACC273,Company_273,Construction,South,49508,11,0.89,0.33,1980,0,0,1,48,0,0
ACC274,Company_274,Textile,South,36941,84,0.19,-0.45,1477,0,0,9,9,1,1
ACC275,Company_275,Textile,North,30165,8,0.91,0.41,1206,0,0,0,60,1,0
ACC276,Company_276,Medical,North,2667,68,0.35,-0.36,106,0,0,4,30,0,1
ACC277,Company_277,Textile,South,27213,75,0.28,-0.43,1088,0,0,6,22,1,1
ACC278,Company_278,Textile,East,5114,82,0.24,-0.48,204,0,0,8,13,0,1
ACC279,Company_279,Textile,North,37321,87,0.21,-0.39,1492,0,0,9,10,1,1
ACC280,Company_280,Tech,East,8761,71,0.32,-0.35,350,1,0,5,28,1,1
ACC281,Company_281,Medical,South,32116,17,0.86,0.29,1284,1,0,1,42,1,0
ACC282,Company_282,Retail,South,34768,23,0.78,0.36,1390,0,0,2,36,0,0
ACC283,Company_283,Construction,West,49406,79,0.26,-0.44,1976,0,0,7,12,1,1
ACC284,Company_284,Retail,North,26426,74,0.33,-0.46,1057,1,0,5,28,1,1
ACC285,Company_285,Medical,South,18772,80,0.27,-0.35,750,1,0,8,14,1,1
ACC286,Company_286,Construction,West,39218,76,0.29,-0.41,1568,1,0,6,22,1,1
ACC287,Company_287,Medical,North,4712,83,0.22,-0.48,188,1,0,9,9,1,1
ACC288,Company_288,Textile,South,2367,25,0.81,0.43,94,1,0,2,36,1,0
ACC289,Company_289,Construction,South,41957,70,0.34,-0.36,1678,0,0,5,33,0,1
ACC290,Company_290,Textile,North,42781,69,0.31,-0.39,1711,1,0,4,30,1,1
ACC291,Company_291,Retail,North,27200,85,0.19,-0.45,1088,1,0,9,8,1,1
ACC292,Company_292,Retail,North,4726,86,0.24,-0.35,189,1,0,9,10,1,1
ACC293,Company_293,Construction,South,24616,15,0.93,0.38,984,0,0,1,54,0,0
ACC294,Company_294,Construction,South,28723,18,0.87,0.47,1148,0,0,1,48,0,0
ACC295,Company_295,Medical,West,38574,7,0.95,0.33,1542,0,0,0,72,0,0
ACC296,Company_296,Medical,East,35958,78,0.25,-0.44,1438,0,0,7,15,0,1
ACC297,Company_297,Textile,North,10108,73,0.32,-0.35,404,0,0,5,25,0,1
ACC298,Company_298,Construction,South,13178,14,0.88,0.41,527,0,0,1,42,0,0
ACC299,Company_299,Retail,South,36643,77,0.28,-0.48,1465,1,0,6,18,1,1
ACC300,Company_300,Medical,North,32324,12,0.91,0.36,1292,0,0,1,54,0,0
ACC301,Company_301,Medical,East,39360,81,0.21,-0.39,1574,0,0,8,12,1,1
ACC302,Company_302,Retail,North,18824,72,0.33,-0.45,752,1,0,5,28,1,1
ACC303,Company_303,Medical,East,46360,79,0.26,-0.35,1854,0,0,7,14,0,1
ACC304,Company_304,Textile,South,9927,19,0.94,0.43,397,1,1,1,42,1,0
ACC305,Company_305,Construction,East,29144,74,0.29,-0.41,1165,1,0,5,28,1,1
ACC306,Company_306,Retail,West,32010,68,0.34,-0.46,1280,0,0,4,30,0,1
ACC307,Company_307,Construction,South,23443,84,0.22,-0.36,937,1,0,9,9,1,1
ACC308,Company_308,Medical,West,15437,75,0.31,-0.48,617,1,0,6,18,1,1
ACC309,Company_309,Medical,North,45298,80,0.27,-0.35,1811,1,0,8,15,1,1
ACC310,Company_310,Retail,North,40778,9,0.96,0.39,1631,1,0,0,72,1,0
ACC311,Company_311,Textile,North,12207,83,0.19,-0.44,488,0,0,9,8,0,1
ACC312,Company_312,Tech,East,26537,86,0.24,-0.38,1061,1,0,9,10,1,1
ACC313,Company_313,Retail,South,36757,87,0.21,-0.49,1470,0,1,9,7,0,1
ACC314,Company_314,Tech,North,13040,71,0.35,-0.35,521,1,1,5,33,1,1
ACC315,Company_315,Tech,North,42986,76,0.28,-0.42,1719,1,0,6,22,1,1
ACC316,Company_316,Textile,South,23612,82,0.25,-0.45,944,1,0,8,13,1,1
ACC317,Company_317,Tech,North,29441,78,0.32,-0.36,1177,0,0,7,24,0,1
ACC318,Company_318,Tech,West,7471,73,0.26,-0.43,298,0,0,5,18,1,1
ACC319,Company_319,Textile,South,36631,11,0.89,0.47,1465,0,0,1,54,0,0
ACC320,Company_320,Tech,South,44461,85,0.22,-0.35,1778,1,0,9,9,1,1
ACC321,Company_321,Tech,South,27523,79,0.33,-0.41,1100,1,0,7,28,1,1
ACC322,Company_322,Tech,West,32348,74,0.29,-0.38,1293,1,0,5,22,1,1
ACC323,Company_323,Retail,South,2177,6,0.97,0.33,87,1,0,0,84,1,0
ACC324,Company_324,Retail,West,5760,16,0.85,0.45,230,0,0,1,42,0,0
ACC325,Company_325,Retail,South,33779,22,0.82,0.29,1351,1,0,2,30,1,0
ACC326,Company_326,Textile,East,22636,24,0.78,0.36,905,0,0,2,36,0,0
ACC327,Company_327,Medical,North,17353,13,0.92,0.42,694,1,0,1,54,1,0
ACC328,Company_328,Tech,East,12556,18,0.87,0.38,502,0,0,1,42,0,0
ACC329,Company_329,Tech,North,28598,88,0.17,-0.49,1143,0,0,9,10,0,1
ACC330,Company_330,Textile,West,12563,70,0.34,-0.44,502,1,0,5,33,1,1
ACC331,Company_331,Tech,East,47819,77,0.26,-0.35,1912,1,0,6,15,1,1
ACC332,Company_332,Retail,South,44790,84,0.21,-0.46,1791,0,0,9,9,1,1
ACC333,Company_333,Medical,North,9234,15,0.93,0.31,369,1,0,1,60,1,0
ACC334,Company_334,Construction,North,26519,10,0.95,0.47,1060,1,0,1,66,1,0
ACC335,Company_335,Tech,East,27966,21,0.81,0.35,1118,0,1,2,42,1,0
ACC336,Company_336,Retail,West,17173,80,0.28,-0.41,686,0,0,8,12,0,1
ACC337,Company_337,Construction,East,27987,5,0.91,0.43,1119,0,0,0,60,0,0
ACC338,Company_338,Medical,West,14178,76,0.32,-0.38,567,0,0,6,24,0,1
ACC339,Company_339,Construction,West,40338,72,0.25,-0.45,1613,1,0,5,30,1,1
ACC340,Company_340,Retail,North,25596,83,0.22,-0.35,1023,0,0,9,11,0,1
ACC341,Company_341,Construction,East,34174,75,0.33,-0.48,1366,0,0,6,22,1,1
ACC342,Company_342,Textile,East,42974,86,0.19,-0.36,1718,0,0,9,10,1,1
ACC343,Company_343,Construction,West,5431,17,0.86,0.39,217,1,0,1,48,1,0
ACC344,Company_344,Tech,East,28764,81,0.27,-0.44,1150,0,0,8,13,0,1
ACC345,Company_345,Tech,South,22627,23,0.78,0.32,905,1,0,2,36,1,0
ACC346,Company_346,Textile,South,40310,79,0.31,-0.35,1612,0,0,7,12,0,1
ACC347,Company_347,Retail,East,9906,74,0.34,-0.41,396,0,0,5,28,1,1
ACC348,Company_348,Tech,East,37914,69,0.26,-0.46,1516,1,0,4,30,1,1
ACC349,Company_349,Medical,West,45814,82,0.24,-0.38,1832,0,0,8,14,0,1
ACC350,Company_350,Tech,South,46379,71,0.29,-0.49,1855,0,0,5,33,1,1
ACC351,Company_351,Tech,South,14076,78,0.33,-0.35,563,1,0,7,20,1,1
ACC352,Company_352,Retail,North,38650,14,0.92,0.45,1546,0,0,1,60,0,0
ACC353,Company_353,Construction,West,47881,19,0.87,0.33,1915,0,0,1,54,0,0
ACC354,Company_354,Tech,North,47413,85,0.21,-0.43,1896,0,0,9,9,1,1
ACC355,Company_355,Textile,South,7012,77,0.28,-0.35,280,0,0,6,22,0,1
ACC356,Company_356,Construction,West,8151,84,0.25,-0.47,326,1,0,9,10,1,1
ACC357,Company_357,Medical,East,29211,73,0.32,-0.36,1168,0,0,5,28,0,1
ACC358,Company_358,Retail,West,28117,8,0.95,0.48,1124,1,0,0,84,1,0
ACC359,Company_359,Medical,East,37378,80,0.26,-0.41,1495,0,0,8,12,1,1
ACC360,Company_360,Construction,East,43652,76,0.33,-0.44,1746,1,0,6,24,1,1
ACC361,Company_361,Construction,West,7894,79,0.29,-0.35,315,0,0,7,14,0,1
ACC362,Company_362,Construction,East,14467,25,0.81,0.39,578,1,0,2,42,1,0
ACC363,Company_363,Medical,North,32010,70,0.34,-0.46,1280,0,1,5,33,1,1
ACC364,Company_364,Construction,South,43641,82,0.22,-0.38,1745,1,0,8,13,1,1
ACC365,Company_365,Medical,East,13289,75,0.27,-0.49,531,1,0,6,15,1,1
ACC366,Company_366,Construction,North,45976,83,0.24,-0.35,1839,0,0,9,11,0,1
ACC367,Company_367,Textile,East,44596,86,0.19,-0.43,1783,1,0,9,10,1,1
ACC368,Company_368,Construction,South,24171,78,0.31,-0.35,966,0,0,7,20,0,1
ACC369,Company_369,Medical,North,35905,16,0.88,0.41,1436,0,0,1,54,0,0
ACC370,Company_370,Tech,South,21829,74,0.35,-0.45,873,0,0,5,28,0,1
ACC371,Company_371,Construction,South,35054,7,0.94,0.36,1402,0,1,0,72,1,0
ACC372,Company_372,Tech,North,49478,4,0.96,0.47,1979,0,0,0,84,0,0
ACC373,Company_373,Textile,North,45139,22,0.82,0.33,1805,1,0,2,36,1,0
ACC374,Company_374,Retail,North,49713,71,0.28,-0.35,1988,0,0,5,33,0,1
ACC375,Company_375,Textile,West,30734,80,0.25,-0.41,1229,0,0,8,12,1,1
ACC376,Company_376,Construction,North,8052,12,0.91,0.38,322,0,0,1,48,0,0
ACC377,Company_377,Tech,North,4654,77,0.32,-0.44,186,0,0,6,22,1,1
ACC378,Company_378,Tech,North,24486,79,0.26,-0.35,979,0,0,7,15,0,1
ACC379,Company_379,Medical,North,19743,73,0.33,-0.46,789,0,0,5,28,0,1
ACC380,Company_380,Tech,East,49368,69,0.29,-0.38,1974,1,0,4,30,1,1
ACC381,Company_381,Medical,West,25489,76,0.34,-0.49,1019,1,0,6,24,1,1
ACC382,Company_382,Retail,South,9636,70,0.27,-0.35,385,0,0,5,33,0,1
ACC383,Company_383,Construction,North,7441,84,0.22,-0.43,297,1,0,9,9,1,1
ACC384,Company_384,Medical,East,25611,81,0.24,-0.35,1024,0,1,8,13,1,1
ACC385,Company_385,Retail,East,43435,85,0.21,-0.41,1737,0,0,9,11,0,1
ACC386,Company_386,Tech,East,13149,75,0.31,-0.45,525,0,0,6,18,0,1
ACC387,Company_387,Tech,South,35566,82,0.28,-0.36,1422,0,0,8,14,1,1
ACC388,Company_388,Retail,North,43368,78,0.25,-0.48,1734,0,1,7,22,1,1
ACC389,Company_389,Tech,West,22675,9,0.93,0.42,907,1,0,0,60,1,0
ACC390,Company_390,Retail,West,6495,83,0.19,-0.35,259,1,0,9,8,1,1
ACC391,Company_391,Medical,East,43668,18,0.87,0.39,1746,1,0,1,54,1,0
ACC392,Company_392,Medical,South,14673,14,0.92,0.45,586,1,0,1,48,1,0
ACC393,Company_393,Retail,South,12130,23,0.78,0.31,485,0,0,2,36,0,0
ACC394,Company_394,Medical,South,23668,79,0.33,-0.44,946,1,0,7,28,1,1
ACC395,Company_395,Medical,West,16222,11,0.89,0.36,648,0,0,1,42,0,0
ACC396,Company_396,Medical,East,24669,86,0.26,-0.35,986,1,1,9,12,1,1
ACC397,Company_397,Textile,North,35068,74,0.34,-0.41,1402,1,0,5,28,1,1
ACC398,Company_398,Construction,West,24253,87,0.22,-0.46,970,1,0,9,10,1,1
ACC399,Company_399,Tech,East,10435,21,0.81,0.47,417,1,0,2,36,1,0
ACC400,Company_400,Textile,East,29552,80,0.27,-0.35,1182,0,0,8,12,0,1
ACC401,Company_401,Medical,North,38384,71,0.32,-0.43,1535,1,0,5,33,1,1
ACC402,Company_402,Retail,North,17393,16,0.86,0.33,695,1,0,1,42,1,0
ACC403,Company_403,Medical,North,11617,24,0.78,0.38,464,0,0,2,36,0,0
ACC404,Company_404,Construction,South,39520,19,0.85,0.29,1580,0,0,1,48,0,0
ACC405,Company_405,Medical,North,10852,77,0.29,-0.35,434,1,0,6,22,1,1
ACC406,Company_406,Retail,East,32401,84,0.24,-0.48,1296,0,0,9,9,1,1
ACC407,Company_407,Construction,North,7295,82,0.31,-0.36,291,0,0,8,13,0,1
ACC408,Company_408,Medical,East,36993,85,0.25,-0.44,1479,0,0,9,11,0,1
ACC409,Company_409,Construction,West,35084,76,0.33,-0.35,1403,1,0,6,24,1,1
ACC410,Company_410,Tech,South,46105,79,0.28,-0.41,1844,0,0,7,12,0,1
ACC411,Company_411,Tech,West,40575,8,0.95,0.45,1623,1,0,0,84,1,0
ACC412,Company_412,Medical,West,37451,73,0.26,-0.46,1498,1,0,5,28,1,1
ACC413,Company_413,Construction,East,8227,13,0.92,0.39,329,1,0,1,48,1,0
ACC414,Company_414,Retail,West,32910,17,0.87,0.33,1316,1,0,1,42,1,0
ACC415,Company_415,Medical,East,37041,70,0.34,-0.35,1481,0,0,5,33,0,1
ACC416,Company_416,Tech,North,24384,15,0.88,0.47,975,1,0,1,60,1,0
ACC417,Company_417,Tech,North,1145,81,0.22,-0.43,45,0,0,8,12,0,1
ACC418,Company_418,Medical,East,38778,78,0.27,-0.35,1551,1,0,7,15,1,1
ACC419,Company_419,Construction,North,17035,10,0.94,0.41,681,0,1,1,54,1,0
ACC420,Company_420,Tech,South,4040,75,0.32,-0.44,161,1,0,6,18,1,1
ACC421,Company_421,Construction,West,43422,12,0.91,0.36,1736,0,0,1,48,0,0
ACC422,Company_422,Tech,South,27160,74,0.29,-0.35,1086,1,1,5,28,1,1
ACC423,Company_423,Tech,West,18633,22,0.79,0.29,745,1,0,2,36,1,0
ACC424,Company_424,Textile,North,30344,83,0.24,-0.46,1213,0,1,8,14,0,1
ACC425,Company_425,Tech,South,18014,77,0.33,-0.38,720,1,1,6,22,1,1
ACC426,Company_426,Retail,North,15996,72,0.26,-0.49,639,1,0,5,28,1,1
ACC427,Company_427,Medical,West,42621,14,0.93,0.43,1704,1,0,1,60,1,0
ACC428,Company_428,Medical,East,12695,25,0.76,0.31,507,0,0,2,36,0,0
ACC429,Company_429,Construction,East,3852,18,0.86,0.38,154,1,0,1,48,1,0
ACC430,Company_430,Tech,South,17014,80,0.28,-0.35,680,1,0,8,12,1,1
ACC431,Company_431,Retail,North,28042,23,0.82,0.45,1121,0,0,2,30,0,0
ACC432,Company_432,Construction,North,34755,85,0.21,-0.43,1390,0,0,9,9,1,1
ACC433,Company_433,Textile,South,41390,86,0.24,-0.35,1655,0,0,9,11,0,1
ACC434,Company_434,Construction,East,24711,11,0.89,0.47,988,0,0,1,54,0,0
ACC435,Company_435,Construction,West,27122,16,0.87,0.33,1084,0,0,1,42,0,0
ACC436,Company_436,Tech,South,10160,6,0.96,0.39,406,1,0,0,84,1,0
ACC437,Company_437,Textile,West,28213,79,0.31,-0.44,1128,1,0,7,24,1,1
ACC438,Company_438,Construction,East,40420,21,0.78,0.36,1616,1,1,2,42,1,0
ACC439,Company_439,Retail,North,8421,76,0.34,-0.35,336,0,1,6,22,1,1
ACC440,Company_440,Retail,East,22400,71,0.25,-0.41,896,1,0,5,28,1,1
ACC441,Company_441,Medical,South,34537,84,0.22,-0.46,1381,0,0,9,9,1,1
ACC442,Company_442,Textile,North,18727,73,0.32,-0.35,749,0,0,5,25,0,1
ACC443,Company_443,Textile,South,47882,87,0.19,-0.48,1915,1,0,9,10,1,1
ACC444,Company_444,Medical,South,5358,9,0.94,0.42,214,0,0,0,66,1,0
ACC445,Company_445,Construction,East,29482,82,0.27,-0.35,1179,0,0,8,12,0,1
ACC446,Company_446,Textile,South,33117,8,0.91,0.31,1324,1,1,0,60,1,0
ACC447,Company_447,Retail,East,24164,5,0.97,0.45,966,0,0,0,84,0,0
ACC448,Company_448,Retail,North,32910,88,0.17,-0.43,1316,0,0,9,11,1,1
ACC449,Company_449,Tech,East,33496,15,0.88,0.38,1339,1,0,1,48,1,0
ACC450,Company_450,Textile,North,45311,7,0.95,0.47,1812,0,0,0,72,0,0
ACC451,Company_451,Construction,East,30371,85,0.24,-0.35,1214,0,0,9,9,1,1
ACC452,Company_452,Medical,West,39467,19,0.86,0.33,1578,1,0,1,42,1,0
ACC453,Company_453,Medical,West,18625,22,0.79,0.41,745,1,0,2,30,1,0
ACC454,Company_454,Construction,South,34893,17,0.85,0.29,1395,1,0,1,48,1,0
ACC455,Company_455,Tech,East,11793,74,0.33,-0.44,471,1,0,5,28,1,1
ACC456,Company_456,Medical,East,32007,13,0.92,0.36,1280,0,0,1,60,0,0
ACC457,Company_457,Textile,North,26766,18,0.87,0.43,1070,0,0,1,54,0,0
ACC458,Company_458,Tech,South,40532,83,0.21,-0.35,1621,1,0,9,8,1,1
ACC459,Company_459,Textile,East,13323,80,0.28,-0.46,532,0,0,8,11,0,1
ACC460,Company_460,Retail,South,46799,14,0.93,0.39,1871,0,0,1,66,0,0
ACC461,Company_461,Tech,West,47820,77,0.26,-0.35,1912,1,0,6,15,1,1
ACC462,Company_462,Medical,East,46408,24,0.76,0.47,1856,1,0,2,36,1,0
ACC463,Company_463,Tech,East,8843,79,0.32,-0.41,353,0,0,7,14,0,1
ACC464,Company_464,Tech,South,15210,82,0.25,-0.35,608,1,0,8,12,1,1
ACC465,Company_465,Tech,East,17456,78,0.34,-0.43,698,1,0,7,20,1,1
ACC466,Company_466,Tech,South,32367,71,0.27,-0.35,1294,1,1,5,33,1,1
ACC467,Company_467,Textile,East,11106,16,0.86,0.31,444,0,0,1,42,0,0
ACC468,Company_468,Retail,North,38957,10,0.95,0.45,1558,1,0,1,72,1,0
ACC469,Company_469,Construction,South,3472,86,0.22,-0.44,138,0,0,9,9,1,1
ACC470,Company_470,Tech,East,7704,75,0.31,-0.35,308,0,0,6,24,0,1
ACC471,Company_471,Medical,West,4713,84,0.24,-0.46,188,0,0,9,10,1,1
ACC472,Company_472,Tech,East,6051,21,0.78,0.38,242,1,1,2,42,1,0
ACC473,Company_473,Medical,West,11756,19,0.85,0.42,470,1,0,1,36,1,0
ACC474,Company_474,Textile,West,3475,81,0.33,-0.35,139,1,0,8,13,1,1
ACC475,Company_475,Medical,North,37378,76,0.29,-0.43,1495,1,1,6,22,1,1
ACC476,Company_476,Construction,South,5255,6,0.94,0.33,210,1,1,0,72,1,0
ACC477,Company_477,Retail,East,15484,23,0.81,0.47,619,0,0,2,30,0,0
ACC478,Company_478,Medical,North,35503,73,0.34,-0.35,1420,0,0,5,28,0,1
ACC479,Company_479,Medical,East,9258,80,0.26,-0.41,370,0,0,8,12,1,1
ACC480,Company_480,Retail,West,41747,77,0.28,-0.44,1669,1,0,6,22,1,1
ACC481,Company_481,Construction,South,36196,11,0.91,0.39,1447,0,0,1,54,0,0
ACC482,Company_482,Tech,East,46113,87,0.19,-0.35,1844,0,0,9,10,1,1
ACC483,Company_483,Medical,East,41194,12,0.89,0.36,1647,1,0,1,48,1,0
ACC484,Company_484,Retail,West,9533,79,0.32,-0.46,381,1,0,7,28,1,1
ACC485,Company_485,Textile,East,33581,82,0.25,-0.35,1343,0,0,8,14,0,1
ACC486,Company_486,Retail,East,6249,74,0.33,-0.43,249,0,0,5,33,1,1
ACC487,Company_487,Textile,West,20201,17,0.87,0.31,808,1,0,1,42,1,0
ACC488,Company_488,Construction,North,10686,15,0.92,0.45,427,1,0,1,60,1,0
ACC489,Company_489,Tech,West,47877,14,0.88,0.38,1915,1,0,1,54,1,0
ACC490,Company_490,Retail,North,33007,9,0.95,0.42,1320,1,0,0,72,1,0
ACC491,Company_491,Medical,South,1661,83,0.22,-0.35,66,0,0,9,9,1,1
ACC492,Company_492,Construction,North,45843,8,0.93,0.33,1833,0,0,0,66,0,0
ACC493,Company_493,Retail,North,31137,71,0.27,-0.44,1245,1,0,5,28,1,1
ACC494,Company_494,Medical,South,48556,10,0.91,0.47,1942,0,0,1,60,0,0
ACC495,Company_495,Retail,North,43828,22,0.79,0.29,1753,0,0,2,36,1,0
ACC496,Company_496,Textile,West,49604,78,0.31,-0.35,1984,1,0,7,24,1,1
ACC497,Company_497,Retail,North,11526,76,0.34,-0.41,461,0,0,6,22,0,1
ACC498,Company_498,Retail,South,4374,5,0.96,0.36,174,0,0,0,84,0,0
ACC499,Company_499,Retail,West,26592,80,0.26,-0.46,1063,0,0,8,12,1,1
ACC500,Company_500,Construction,South,29982,75,0.28,-0.35,1199,1,0,6,18,1,1
ACC501,Company_501,Retail,South,1207,24,0.76,0.43,48,1,1,2,36,0,0
ACC502,Company_502,Medical,East,36433,18,0.86,0.38,1457,0,0,1,48,0,0
ACC503,Company_503,Textile,East,24197,84,0.24,-0.35,967,1,0,9,9,1,1
ACC504,Company_504,Textile,South,34400,81,0.32,-0.43,1376,1,0,8,13,1,1
ACC505,Company_505,Retail,South,4083,73,0.25,-0.44,163,1,0,5,25,1,1
ACC506,Company_506,Construction,South,30328,16,0.88,0.31,1213,0,1,1,42,1,0
ACC507,Company_507,Construction,East,47479,13,0.92,0.47,1899,0,0,1,60,0,0
ACC508,Company_508,Medical,East,43891,77,0.33,-0.35,1755,1,0,6,22,1,1
ACC509,Company_509,Retail,North,21103,86,0.21,-0.41,844,0,0,9,11,1,1
ACC510,Company_510,Textile,North,40891,82,0.27,-0.35,1635,0,0,8,14,0,1
ACC511,Company_511,Construction,South,11754,7,0.94,0.39,470,0,0,0,72,0,0
ACC512,Company_512,Retail,West,35447,11,0.89,0.45,1417,0,0,1,54,0,0
ACC513,Company_513,Construction,West,16901,14,0.93,0.33,676,0,0,1,48,1,0
ACC514,Company_514,Construction,East,34004,85,0.24,-0.46,1360,1,0,9,10,1,1
ACC515,Company_515,Textile,East,8446,74,0.31,-0.35,337,0,1,5,33,1,1
ACC516,Company_516,Tech,East,38211,19,0.85,0.38,1528,0,1,1,42,1,0
ACC517,Company_517,Medical,South,49231,87,0.19,-0.43,1969,0,0,9,8,1,1
ACC518,Company_518,Medical,West,30301,79,0.34,-0.35,1212,1,0,7,24,1,1
ACC519,Company_519,Textile,North,27116,17,0.87,0.42,1084,1,0,1,54,1,0
ACC520,Company_520,Construction,South,42323,83,0.26,-0.44,1692,1,0,8,13,1,1
ACC521,Company_521,Retail,North,19752,80,0.28,-0.35,790,0,0,8,15,0,1
ACC522,Company_522,Construction,North,33376,10,0.91,0.31,1335,1,0,1,66,1,0
ACC523,Company_523,Textile,South,17669,22,0.78,0.47,706,1,0,2,30,1,0
ACC524,Company_524,Medical,North,33916,76,0.32,-0.35,1356,1,0,6,24,1,1
ACC525,Company_525,Construction,West,14395,15,0.86,0.36,575,1,0,1,42,1,0
ACC526,Company_526,Medical,North,21421,18,0.82,0.29,856,0,1,1,36,0,0
ACC527,Company_527,Retail,West,27342,84,0.25,-0.41,1093,1,1,9,11,1,1
ACC528,Company_528,Medical,West,5895,72,0.33,-0.35,235,1,0,5,30,1,1
ACC529,Company_529,Medical,West,12023,12,0.89,0.43,480,0,0,1,48,0,0
ACC530,Company_530,Tech,East,11699,21,0.76,0.38,467,0,1,2,42,1,0
ACC531,Company_531,Tech,North,10715,85,0.27,-0.45,428,1,1,9,9,1,1
ACC532,Company_532,Tech,South,20169,81,0.31,-0.35,806,0,0,8,13,0,1
ACC533,Company_533,Medical,South,17163,9,0.94,0.33,686,1,0,0,72,1,0
ACC534,Company_534,Textile,North,6782,16,0.87,0.47,271,0,0,1,54,0,0
ACC535,Company_535,Medical,East,23641,75,0.34,-0.44,945,0,0,6,18,0,1
ACC536,Company_536,Textile,East,19792,71,0.26,-0.35,791,1,0,5,28,1,1
ACC537,Company_537,Textile,West,36585,78,0.28,-0.41,1463,0,0,7,20,0,1
ACC538,Company_538,Tech,North,31682,14,0.92,0.39,1267,1,1,1,60,1,0
ACC539,Company_539,Construction,North,48864,83,0.24,-0.35,1954,0,0,9,11,0,1
ACC540,Company_540,Retail,South,19880,23,0.79,0.45,795,1,0,2,30,1,0
ACC541,Company_541,Tech,North,39067,17,0.85,0.31,1562,0,0,1,42,0,0
ACC542,Company_542,Tech,East,43685,80,0.32,-0.43,1747,0,0,8,12,1,1
ACC543,Company_543,Construction,North,19073,77,0.25,-0.35,762,0,0,6,22,0,1
ACC544,Company_544,Retail,South,37035,74,0.33,-0.46,1481,0,0,5,33,1,1
ACC545,Company_545,Medical,West,38174,69,0.29,-0.35,1526,0,0,4,30,0,1
ACC546,Company_546,Medical,South,25837,24,0.76,0.38,1033,1,0,2,36,1,0
ACC547,Company_547,Tech,South,18826,79,0.34,-0.44,753,0,0,7,12,0,1
ACC548,Company_548,Retail,West,25981,82,0.26,-0.35,1039,1,0,8,13,1,1
ACC549,Company_549,Tech,South,11382,76,0.31,-0.41,455,1,0,6,15,1,1
ACC550,Company_550,Textile,South,5437,13,0.88,0.42,217,1,0,1,48,1,0
ACC551,Company_551,Tech,North,6435,6,0.95,0.33,257,0,0,0,84,0,0
ACC552,Company_552,Tech,North,25819,85,0.22,-0.35,1032,1,0,9,9,1,1
ACC553,Company_553,Medical,West,37875,19,0.86,0.47,1515,0,0,1,60,0,0
ACC554,Company_554,Medical,North,32982,15,0.91,0.29,1319,1,0,1,42,1,0
ACC555,Company_555,Medical,North,34328,72,0.27,-0.43,1373,1,0,5,28,1,1
ACC556,Company_556,Textile,South,13329,11,0.93,0.36,533,1,0,1,54,1,0
ACC557,Company_557,Medical,East,26169,73,0.33,-0.35,1046,1,0,5,33,1,1
ACC558,Company_558,Retail,North,22932,10,0.89,0.45,917,1,0,1,72,1,0
ACC559,Company_559,Construction,East,35594,18,0.87,0.38,1423,0,0,1,48,0,0
ACC560,Company_560,Retail,North,12421,7,0.94,0.31,496,1,0,0,84,1,0
ACC561,Company_561,Retail,North,46033,84,0.24,-0.44,1841,1,0,9,10,1,1
ACC562,Company_562,Medical,West,8629,78,0.32,-0.35,345,0,0,7,20,0,1
ACC563,Company_563,Construction,West,9325,9,0.96,0.42,373,0,0,0,66,1,0
ACC564,Company_564,Construction,West,29495,75,0.25,-0.41,1179,0,0,6,18,0,1
ACC565,Company_565,Construction,East,32750,80,0.33,-0.35,1310,1,0,8,12,1,1
ACC566,Company_566,Textile,South,30619,21,0.78,0.47,1224,1,0,2,36,1,0
ACC567,Company_567,Medical,North,41461,16,0.85,0.33,1658,1,0,1,42,1,0
ACC568,Company_568,Construction,North,9264,23,0.79,0.38,370,1,0,2,30,1,0
ACC569,Company_569,Textile,North,13686,87,0.19,-0.43,547,1,0,9,11,1,1
ACC570,Company_570,Tech,East,47484,24,0.76,0.29,1899,1,0,2,36,1,0
ACC571,Company_571,Tech,West,25226,17,0.86,0.36,1009,0,0,1,48,0,0
ACC572,Company_572,Textile,South,7721,14,0.92,0.45,308,0,0,1,60,0,0
ACC573,Company_573,Textile,East,21609,12,0.89,0.42,864,1,0,1,54,1,0
ACC574,Company_574,Medical,West,8373,74,0.34,-0.35,334,1,0,5,28,1,1
ACC575,Company_575,Medical,East,39675,11,0.91,0.31,1587,1,0,1,42,1,0
ACC576,Company_576,Tech,South,49895,79,0.27,-0.44,1995,1,0,7,24,1,1
ACC577,Company_577,Construction,West,29937,15,0.88,0.38,1197,1,0,1,48,1,0
ACC578,Company_578,Tech,East,6656,71,0.31,-0.35,266,0,0,5,33,0,1
ACC579,Company_579,Construction,South,9984,77,0.26,-0.41,399,0,0,6,22,0,1
ACC580,Company_580,Construction,North,30984,72,0.33,-0.35,1239,1,0,5,28,1,1
ACC581,Company_581,Medical,South,9286,9,0.95,0.47,371,0,0,0,72,1,0
ACC582,Company_582,Retail,North,6901,76,0.28,-0.43,276,1,0,6,15,1,1
ACC583,Company_583,Retail,East,32552,83,0.24,-0.35,1302,1,0,9,11,1,1
ACC584,Company_584,Textile,West,26709,82,0.32,-0.44,1068,1,0,8,13,1,1
ACC585,Company_585,Medical,West,32055,75,0.25,-0.35,1282,0,0,6,18,0,1
ACC586,Company_586,Construction,East,38685,80,0.33,-0.41,1547,0,0,8,12,0,1
ACC587,Company_587,Retail,West,9429,78,0.29,-0.35,377,1,0,7,24,1,1
ACC588,Company_588,Construction,West,15716,85,0.22,-0.46,628,0,0,9,9,1,1
ACC589,Company_589,Retail,North,49563,18,0.86,0.38,1982,0,0,1,48,0,0
ACC590,Company_590,Retail,East,12138,13,0.92,0.42,485,1,0,1,54,1,0
ACC591,Company_591,Retail,South,36298,74,0.34,-0.35,1451,0,0,5,33,0,1
ACC592,Company_592,Medical,North,24429,22,0.79,0.33,977,0,0,2,36,0,0
ACC593,Company_593,Tech,East,6772,81,0.27,-0.43,270,1,1,8,12,1,1
ACC594,Company_594,Construction,North,49244,79,0.31,-0.35,1969,1,1,7,28,1,1
ACC595,Company_595,Medical,South,49519,10,0.94,0.47,1980,0,0,1,60,0,0
ACC596,Company_596,Medical,South,36732,77,0.26,-0.44,1469,1,0,6,15,1,1
ACC597,Company_597,Medical,East,40905,76,0.33,-0.35,1636,0,0,6,24,0,1
ACC598,Company_598,Medical,South,18347,14,0.89,0.31,733,1,0,1,42,1,0
ACC599,Company_599,Medical,North,17920,83,0.24,-0.41,716,1,0,9,10,1,1
ACC600,Company_600,Textile,South,32822,16,0.87,0.38,1312,1,0,1,54,1,0
ACC601,Company_601,Construction,North,47659,72,0.32,-0.35,1906,1,0,5,30,1,1
ACC602,Company_602,Medical,North,41108,75,0.25,-0.43,1644,0,0,6,18,0,1
ACC603,Company_603,Construction,South,24563,80,0.33,-0.35,982,1,0,8,12,1,1
ACC604,Company_604,Textile,East,8967,84,0.29,-0.44,358,1,0,9,9,1,1
ACC605,Company_605,Textile,West,46183,17,0.85,0.29,1847,1,0,1,42,1,0
ACC606,Company_606,Construction,South,12871,73,0.34,-0.35,514,0,0,5,28,0,1
ACC607,Company_607,Retail,North,29763,8,0.93,0.45,1190,0,0,0,84,0,0
ACC608,Company_608,Tech,North,12916,82,0.27,-0.41,516,1,0,8,13,1,1
ACC609,Company_609,Retail,South,9734,78,0.31,-0.35,389,1,0,7,22,1,1
ACC610,Company_610,Retail,East,34613,19,0.86,0.36,1384,1,1,1,48,1,0
ACC611,Company_611,Retail,East,29179,85,0.24,-0.43,1167,1,1,9,8,1,1
ACC612,Company_612,Medical,North,36262,21,0.78,0.42,1450,1,0,2,36,1,0
ACC613,Company_613,Textile,North,13677,15,0.91,0.33,547,1,0,1,54,1,0
ACC614,Company_614,Retail,East,19268,71,0.33,-0.35,770,0,0,5,33,0,1
ACC615,Company_615,Textile,West,13330,77,0.26,-0.44,533,1,0,6,15,1,1
ACC616,Company_616,Construction,South,21733,79,0.28,-0.35,869,1,1,7,24,1,1
ACC617,Company_617,Tech,North,38947,83,0.32,-0.41,1557,1,0,9,11,1,1
ACC618,Company_618,Construction,North,28286,86,0.22,-0.35,1131,1,0,9,10,1,1
ACC619,Company_619,Construction,East,7610,74,0.34,-0.43,304,1,0,5,28,1,1
ACC620,Company_620,Medical,South,7430,76,0.25,-0.35,297,1,0,6,18,1,1
ACC621,Company_621,Tech,East,40922,80,0.33,-0.44,1636,0,0,8,12,0,1
ACC622,Company_622,Construction,South,14828,11,0.89,0.38,593,0,0,1,54,0,0
ACC623,Company_623,Construction,South,43913,78,0.29,-0.35,1756,0,0,7,20,0,1
ACC624,Company_624,Tech,South,32497,75,0.27,-0.41,1299,0,0,6,15,0,1
ACC625,Company_625,Tech,North,40256,82,0.31,-0.35,1610,0,0,8,14,0,1
ACC626,Company_626,Construction,West,37618,18,0.86,0.29,1504,0,0,1,54,0,0
ACC627,Company_627,Tech,East,47332,6,0.97,0.47,1893,1,1,0,84,1,0
ACC628,Company_628,Construction,West,27526,14,0.92,0.36,1101,1,0,1,48,1,0
ACC629,Company_629,Construction,East,31158,79,0.34,-0.43,1246,1,0,7,28,1,1
ACC630,Company_630,Medical,South,26032,12,0.94,0.42,1041,1,0,1,60,1,0
ACC631,Company_631,Retail,North,38846,84,0.24,-0.35,1553,1,0,9,9,1,1
ACC632,Company_632,Construction,West,45936,77,0.32,-0.44,1837,1,0,6,24,1,1
ACC633,Company_633,Textile,North,30794,73,0.26,-0.35,1231,0,0,5,28,0,1
ACC634,Company_634,Retail,East,6448,7,0.91,0.31,257,1,0,0,72,1,0
ACC635,Company_635,Retail,North,29861,81,0.28,-0.41,1194,0,0,8,13,0,1
ACC636,Company_636,Retail,North,29141,80,0.33,-0.35,1165,0,0,8,12,0,1
ACC637,Company_637,Medical,West,10074,16,0.87,0.45,402,1,0,1,42,1,0
ACC638,Company_638,Construction,South,7406,23,0.76,0.38,296,1,0,2,36,1,0
ACC639,Company_639,Medical,North,32823,78,0.31,-0.43,1312,1,0,7,22,1,1
ACC640,Company_640,Construction,South,24291,76,0.25,-0.35,971,1,0,6,15,1,1
ACC641,Company_641,Medical,East,42568,85,0.27,-0.44,1702,1,1,9,8,1,1
ACC642,Company_642,Medical,North,33003,17,0.85,0.33,1320,1,0,1,54,1,0
ACC643,Company_643,Textile,West,47851,5,0.95,0.47,1914,1,0,0,84,1,0
ACC644,Company_644,Medical,East,35406,13,0.92,0.29,1416,0,0,1,60,0,0
ACC645,Company_645,Tech,East,24312,74,0.34,-0.35,972,1,0,5,28,1,1
ACC646,Company_646,Textile,West,44108,79,0.26,-0.41,1764,1,0,7,12,1,1
ACC647,Company_647,Medical,North,2382,82,0.33,-0.35,95,0,0,8,14,0,1
ACC648,Company_648,Retail,North,35171,19,0.86,0.36,1406,1,0,1,48,1,0
ACC649,Company_649,Tech,East,42779,77,0.28,-0.43,1711,1,0,6,22,1,1
ACC650,Company_650,Tech,North,4292,71,0.32,-0.35,171,0,0,5,33,0,1
ACC651,Company_651,Tech,South,42779,22,0.78,0.42,1711,1,0,2,30,1,0
ACC652,Company_652,Textile,West,34187,75,0.25,-0.44,1367,1,0,6,15,1,1
ACC653,Company_653,Medical,South,13411,15,0.91,0.31,536,1,0,1,54,1,0
ACC654,Company_654,Medical,North,38285,80,0.33,-0.35,1531,1,1,8,12,1,1
ACC655,Company_655,Retail,East,16422,18,0.87,0.38,656,1,0,1,42,1,0
ACC656,Company_656,Retail,West,43468,76,0.29,-0.41,1738,1,0,6,24,1,1
ACC657,Company_657,Tech,North,33371,73,0.34,-0.35,1334,0,0,5,30,0,1
ACC658,Company_658,Retail,North,6693,24,0.76,0.45,267,1,0,2,36,1,0
ACC659,Company_659,Textile,East,34535,72,0.27,-0.43,1381,1,0,5,28,1,1
ACC660,Company_660,Medical,East,15818,83,0.31,-0.35,632,0,0,9,11,0,1
ACC661,Company_661,Tech,South,32238,11,0.89,0.33,1289,0,0,1,60,0,0
ACC662,Company_662,Retail,West,31874,84,0.26,-0.44,1274,1,0,9,9,1,1
ACC663,Company_663,Textile,West,27715,14,0.93,0.38,1108,0,0,1,54,0,0
ACC664,Company_664,Textile,East,28605,81,0.28,-0.35,1144,1,0,8,13,1,1
ACC665,Company_665,Retail,South,35317,79,0.32,-0.41,1412,1,0,7,28,1,1
ACC666,Company_666,Medical,West,32174,78,0.24,-0.35,1286,0,0,7,14,0,1
ACC667,Company_667,Retail,East,10956,74,0.33,-0.43,438,1,0,5,28,1,1
ACC668,Company_668,Tech,North,39908,16,0.86,0.42,1596,1,0,1,42,1,0
ACC669,Company_669,Retail,West,11837,77,0.25,-0.35,473,0,0,6,22,0,1
ACC670,Company_670,Textile,South,4716,21,0.78,0.31,188,0,1,2,30,1,0
ACC671,Company_671,Retail,South,5481,12,0.91,0.47,219,0,0,1,48,0,0
ACC672,Company_672,Medical,South,25282,80,0.33,-0.44,1011,0,0,8,12,0,1
ACC673,Company_673,Construction,North,7548,9,0.94,0.36,301,1,0,0,72,1,0
ACC674,Company_674,Retail,West,38605,76,0.29,-0.35,1544,0,0,6,24,0,1
ACC675,Company_675,Medical,West,8758,85,0.22,-0.41,350,0,0,9,11,0,1
ACC676,Company_676,Medical,North,44668,82,0.27,-0.35,1786,0,0,8,14,0,1
ACC677,Company_677,Textile,West,24177,87,0.19,-0.43,967,0,0,9,10,0,1
ACC678,Company_678,Medical,North,25022,79,0.31,-0.35,1000,0,0,7,12,0,1
ACC679,Company_679,Medical,North,41761,6,0.95,0.29,1670,1,0,0,84,1,0
ACC680,Company_680,Medical,North,6542,75,0.34,-0.44,261,0,0,6,22,0,1
ACC681,Company_681,Medical,South,26476,15,0.89,0.38,1059,1,1,1,48,1,0
ACC682,Company_682,Tech,West,31784,78,0.26,-0.35,1271,0,0,7,15,0,1
ACC683,Company_683,Tech,North,23740,83,0.28,-0.41,949,0,0,9,9,0,1
ACC684,Company_684,Textile,West,25817,17,0.87,0.45,1032,0,0,1,54,0,0
ACC685,Company_685,Retail,South,48596,74,0.33,-0.35,1943,0,0,5,33,0,1
ACC686,Company_686,Medical,North,17052,77,0.25,-0.43,682,0,0,6,18,0,1
ACC687,Company_687,Retail,East,36153,71,0.32,-0.35,1446,0,0,5,33,0,1
ACC688,Company_688,Retail,South,48076,84,0.27,-0.44,1923,0,1,9,11,0,1
ACC689,Company_689,Textile,East,1671,73,0.33,-0.35,66,0,0,5,25,0,1
ACC690,Company_690,Medical,West,1163,22,0.79,0.33,46,1,0,2,24,1,0
ACC691,Company_691,Medical,West,42424,14,0.92,0.42,1696,0,0,1,60,0,0
ACC692,Company_692,Construction,South,45002,10,0.94,0.38,1800,1,0,1,72,1,0
ACC693,Company_693,Retail,West,5795,76,0.29,-0.41,231,0,0,6,22,0,1
ACC694,Company_694,Retail,East,11634,18,0.86,0.31,465,1,0,1,42,1,0
ACC695,Company_695,Tech,North,5798,11,0.91,0.47,231,0,0,1,48,0,0
ACC696,Company_696,Construction,North,23420,82,0.24,-0.35,936,0,0,8,13,0,1
ACC697,Company_697,Tech,North,30300,85,0.26,-0.43,1212,0,0,9,9,0,1
ACC698,Company_698,Tech,South,25345,79,0.31,-0.35,1013,1,1,7,24,1,1
ACC699,Company_699,Tech,West,11749,75,0.33,-0.44,469,1,0,6,15,1,1
ACC700,Company_700,Textile,East,39595,16,0.87,0.36,1583,1,0,1,48,1,0
ACC701,Company_701,Textile,West,26121,83,0.28,-0.35,1044,1,0,9,10,1,1
ACC702,Company_702,Tech,West,38487,8,0.93,0.29,1539,0,0,0,72,0,0
ACC703,Company_703,Construction,West,29411,77,0.25,-0.41,1176,0,0,6,18,0,1
ACC704,Company_704,Retail,North,34361,5,0.96,0.45,1374,0,0,0,84,0,0
ACC705,Company_705,Construction,East,22223,13,0.89,0.38,888,1,0,1,60,1,0
ACC706,Company_706,Medical,East,8394,19,0.85,0.42,335,0,0,1,36,0,0
ACC707,Company_707,Textile,West,15056,12,0.91,0.33,602,1,0,1,48,1,0
ACC708,Company_708,Retail,North,29380,81,0.28,-0.41,1175,1,0,8,11,1,1
ACC709,Company_709,Retail,North,27035,9,0.94,0.38,1081,1,0,0,66,1,0
ACC710,Company_710,Medical,East,31620,83,0.25,-0.35,1264,1,0,9,9,1,1
ACC711,Company_711,Medical,North,20877,78,0.33,-0.43,835,1,0,7,20,1,1
ACC712,Company_712,Tech,North,44404,76,0.27,-0.35,1776,0,1,6,22,1,1
ACC713,Company_713,Textile,North,31911,11,0.91,0.42,1276,1,0,1,42,1,0
ACC714,Company_714,Textile,South,33784,14,0.88,0.33,1351,1,0,1,60,1,0
ACC715,Company_715,Construction,West,4191,74,0.32,-0.44,167,0,0,5,28,0,1
ACC716,Company_716,Tech,East,34160,6,0.95,0.47,1366,1,0,0,84,1,0
ACC717,Company_717,Tech,East,26000,84,0.24,-0.35,1040,1,0,9,10,1,1
ACC718,Company_718,Tech,South,40040,18,0.86,0.38,1601,0,0,1,48,0,0
ACC719,Company_719,Tech,West,4631,10,0.93,0.42,185,0,1,1,54,1,0
ACC720,Company_720,Textile,East,7172,16,0.87,0.31,286,0,0,1,42,0,0
ACC721,Company_721,Textile,North,43080,17,0.85,0.45,1723,1,0,1,54,1,0
ACC722,Company_722,Tech,East,24561,12,0.91,0.36,982,0,0,1,60,0,0
ACC723,Company_723,Construction,North,25817,79,0.31,-0.41,1032,0,0,7,12,0,1
ACC724,Company_724,Retail,South,21281,13,0.92,0.33,851,0,0,1,54,0,0
ACC725,Company_725,Retail,North,29671,15,0.89,0.38,1186,1,0,1,48,1,0
ACC726,Company_726,Construction,East,26364,14,0.93,0.42,1054,0,0,1,60,0,0
ACC727,Company_727,Tech,East,42674,77,0.28,-0.35,1706,1,0,6,15,1,1
ACC728,Company_728,Textile,East,28425,19,0.86,0.47,1137,1,0,1,42,1,0
ACC729,Company_729,Retail,South,29602,21,0.78,0.31,1184,0,0,2,30,0,0
ACC730,Company_730,Medical,South,24253,18,0.85,0.36,970,1,1,1,48,1,0
ACC731,Company_731,Medical,West,24472,22,0.79,0.42,978,1,0,2,36,1,0
ACC732,Company_732,Construction,East,9080,16,0.87,0.38,363,0,0,1,42,0,0
ACC733,Company_733,Tech,North,8099,82,0.26,-0.43,323,1,0,8,13,1,1
ACC734,Company_734,Retail,South,26431,85,0.22,-0.35,1057,0,0,9,11,0,1
ACC735,Company_735,Tech,East,32186,11,0.91,0.45,1287,1,1,1,42,1,0
ACC736,Company_736,Retail,East,48684,9,0.94,0.33,1947,1,0,0,72,1,0
ACC737,Company_737,Construction,South,31111,76,0.33,-0.44,1244,0,0,6,22,0,1
ACC738,Company_738,Construction,West,40851,17,0.86,0.38,1634,0,0,1,54,0,0
ACC739,Company_739,Medical,South,23614,80,0.27,-0.35,944,1,0,8,11,1,1
ACC740,Company_740,Tech,South,27724,83,0.31,-0.41,1108,1,0,9,9,1,1
ACC741,Company_741,Medical,North,42991,78,0.25,-0.35,1719,0,0,7,20,0,1
ACC742,Company_742,Tech,North,5940,84,0.24,-0.43,237,1,1,9,7,1,1
ACC743,Company_743,Medical,West,29758,86,0.22,-0.35,1190,1,1,9,10,1,1
ACC744,Company_744,Textile,East,37224,81,0.28,-0.44,1488,1,0,8,15,1,1
ACC745,Company_745,Textile,South,8788,18,0.85,0.42,351,1,0,1,42,1,0
ACC746,Company_746,Textile,West,29082,77,0.33,-0.35,1163,0,0,6,24,0,1
ACC747,Company_747,Textile,North,25034,7,0.93,0.31,1001,0,0,0,72,0,0
ACC748,Company_748,Retail,South,36479,8,0.91,0.47,1459,0,0,0,84,0,0
ACC749,Company_749,Textile,East,12280,75,0.29,-0.41,491,0,0,6,15,0,1
ACC750,Company_750,Construction,North,19052,15,0.88,0.38,762,0,0,1,48,0,0
ACC751,Company_751,Construction,North,17531,82,0.26,-0.35,701,0,0,8,14,0,1
ACC752,Company_752,Retail,North,23804,19,0.86,0.42,952,1,0,1,36,1,0
ACC753,Company_753,Textile,West,29903,79,0.32,-0.43,1196,0,1,7,22,1,1
ACC754,Company_754,Textile,East,45857,22,0.78,0.33,1834,1,1,2,30,1,0
ACC755,Company_755,Textile,South,11142,84,0.24,-0.35,445,1,0,9,9,1,1
ACC756,Company_756,Medical,West,49355,85,0.21,-0.44,1974,1,0,9,11,1,1
ACC757,Company_757,Tech,West,10866,74,0.33,-0.35,434,0,1,5,28,1,1
ACC758,Company_758,Medical,West,5531,80,0.27,-0.41,221,1,0,8,13,1,1
ACC759,Company_759,Tech,North,46454,14,0.92,0.38,1858,0,0,1,54,0,0
ACC760,Company_760,Textile,East,39098,81,0.25,-0.35,1563,1,0,8,11,1,1
ACC761,Company_761,Textile,West,39278,83,0.31,-0.43,1571,1,0,9,12,1,1
ACC762,Company_762,Medical,South,29138,78,0.28,-0.35,1165,0,0,7,22,0,1
ACC763,Company_763,Medical,East,28065,10,0.94,0.42,1122,1,0,1,60,1,0
ACC764,Company_764,Tech,South,30956,16,0.87,0.31,1238,1,0,1,48,1,0
ACC765,Company_765,Construction,East,42732,82,0.26,-0.44,1709,1,0,8,14,1,1
ACC766,Company_766,Tech,South,40261,13,0.91,0.38,1610,1,1,1,42,1,0
ACC767,Company_767,Medical,North,11759,79,0.33,-0.35,470,0,0,7,28,0,1
ACC768,Company_768,Medical,West,6439,11,0.89,0.45,257,1,0,1,54,1,0
ACC769,Company_769,Retail,South,48241,86,0.22,-0.41,1929,1,0,9,9,1,1
ACC770,Company_770,Medical,East,43533,17,0.85,0.33,1741,0,0,1,54,0,0
ACC771,Company_771,Retail,West,29270,19,0.86,0.47,1170,1,0,1,42,1,0
ACC772,Company_772,Construction,West,14279,21,0.78,0.36,571,1,1,2,36,1,0
ACC773,Company_773,Tech,East,40279,9,0.93,0.42,1611,1,0,0,72,1,0
ACC774,Company_774,Tech,South,45251,15,0.88,0.31,1810,1,0,1,60,1,0
ACC775,Company_775,Retail,North,24888,18,0.85,0.38,995,0,0,1,54,0,0
ACC776,Company_776,Tech,North,18630,12,0.91,0.45,745,1,0,1,48,1,0
ACC777,Company_777,Medical,South,36144,84,0.24,-0.35,1445,0,0,9,10,0,1
ACC778,Company_778,Textile,West,32182,87,0.19,-0.43,1287,1,1,9,8,1,1
ACC779,Company_779,Retail,West,26538,22,0.79,0.33,1061,1,0,2,30,1,0
ACC780,Company_780,Tech,West,12824,77,0.32,-0.44,512,1,0,6,22,1,1
ACC781,Company_781,Retail,West,33125,14,0.92,0.38,1325,0,1,1,48,1,0
ACC782,Company_782,Retail,South,7979,76,0.33,-0.35,319,1,0,6,24,1,1
ACC783,Company_783,Textile,West,27189,17,0.86,0.42,1087,1,0,1,42,1,0
ACC784,Company_784,Medical,East,43600,80,0.27,-0.41,1744,0,0,8,12,0,1
ACC785,Company_785,Retail,West,13504,81,0.25,-0.35,540,0,0,8,11,0,1
ACC786,Company_786,Tech,North,21669,16,0.87,0.47,866,0,0,1,54,0,0
ACC787,Company_787,Construction,West,7910,11,0.89,0.31,316,0,0,1,48,0,0
ACC788,Company_788,Retail,South,47857,13,0.91,0.36,1914,1,0,1,60,1,0
ACC789,Company_789,Retail,North,35964,6,0.95,0.42,1438,1,0,0,84,1,0
ACC790,Company_790,Textile,South,21131,15,0.88,0.38,845,1,0,1,42,1,0
ACC791,Company_791,Medical,South,26227,83,0.28,-0.43,1049,1,0,9,9,1,1
ACC792,Company_792,Construction,North,6978,14,0.92,0.33,279,0,0,1,60,0,0
ACC793,Company_793,Tech,South,22991,75,0.33,-0.35,919,1,0,6,18,1,1
ACC794,Company_794,Construction,South,18153,79,0.26,-0.44,726,1,0,7,12,1,1
ACC795,Company_795,Tech,West,34548,82,0.31,-0.35,1381,1,0,8,14,1,1
ACC796,Company_796,Medical,East,43676,18,0.85,0.45,1747,1,0,1,54,1,0
ACC797,Company_797,Tech,South,40071,78,0.27,-0.41,1602,0,0,7,22,0,1
ACC798,Company_798,Textile,South,48454,16,0.87,0.38,1938,1,0,1,42,1,0
ACC799,Company_799,Textile,South,4983,8,0.93,0.42,199,1,0,0,66,1,0
ACC800,Company_800,Textile,West,10503,74,0.34,-0.35,420,1,0,5,28,1,1
ACC801,Company_801,Textile,East,30921,77,0.28,-0.43,1236,0,0,6,15,0,1
ACC802,Company_802,Construction,North,17905,76,0.33,-0.35,716,0,0,6,24,0,1
ACC803,Company_803,Medical,West,46838,80,0.25,-0.44,1873,1,1,8,12,1,1
ACC804,Company_804,Tech,West,24953,73,0.32,-0.35,998,1,0,5,28,1,1
ACC805,Company_805,Tech,East,27806,19,0.86,0.31,1112,1,1,1,36,1,0
ACC806,Company_806,Textile,East,46000,21,0.78,0.47,1840,0,0,2,30,0,0
ACC807,Company_807,Textile,West,23168,9,0.94,0.36,926,1,0,0,72,1,0
ACC808,Company_808,Retail,North,5583,14,0.91,0.42,223,1,0,1,54,1,0
ACC809,Company_809,Medical,West,39714,81,0.27,-0.35,1588,1,1,8,13,1,1
ACC810,Company_810,Construction,East,40896,84,0.24,-0.43,1635,0,0,9,9,1,1
ACC811,Company_811,Tech,North,12889,79,0.31,-0.35,515,1,0,7,24,1,1
ACC812,Company_812,Retail,East,28413,77,0.33,-0.44,1136,1,1,6,15,1,1
ACC813,Company_813,Retail,North,13275,10,0.93,0.38,531,0,0,1,72,0,0
ACC814,Company_814,Tech,South,3461,75,0.28,-0.35,138,0,0,6,22,0,1
ACC815,Company_815,Construction,East,15291,82,0.26,-0.41,611,1,0,8,14,1,1
ACC816,Company_816,Retail,East,47804,85,0.22,-0.35,1912,0,0,9,9,1,1
ACC817,Company_817,Retail,West,12435,72,0.34,-0.43,497,1,0,5,30,1,1
ACC818,Company_818,Medical,East,28935,15,0.89,0.42,1157,0,0,1,48,0,0
ACC819,Company_819,Construction,East,34453,83,0.25,-0.35,1378,0,0,9,11,0,1
ACC820,Company_820,Retail,South,19544,80,0.32,-0.44,781,1,0,8,12,1,1
ACC821,Company_821,Construction,East,13258,6,0.95,0.31,530,1,1,0,84,1,0
ACC822,Company_822,Tech,South,31841,11,0.91,0.47,1273,1,1,1,60,1,0
ACC823,Company_823,Textile,South,49758,78,0.27,-0.35,1990,0,0,7,20,0,1
ACC824,Company_824,Retail,South,11736,81,0.33,-0.41,469,1,0,8,13,1,1
ACC825,Company_825,Medical,South,38643,76,0.28,-0.35,1545,1,0,6,24,1,1
ACC826,Company_826,Tech,North,44950,79,0.31,-0.43,1798,1,0,7,12,1,1
ACC827,Company_827,Construction,West,35964,16,0.87,0.38,1438,1,0,1,42,1,0
ACC828,Company_828,Tech,North,29044,82,0.26,-0.35,1161,1,0,8,14,1,1
ACC829,Company_829,Retail,East,40933,18,0.85,0.42,1637,0,0,1,48,0,0
ACC830,Company_830,Construction,North,16997,74,0.34,-0.44,679,1,0,5,28,1,1
ACC831,Company_831,Textile,North,15215,14,0.92,0.33,608,1,0,1,60,1,0
ACC832,Company_832,Tech,East,34069,77,0.25,-0.35,1362,0,0,6,22,0,1
ACC833,Company_833,Retail,East,24911,75,0.33,-0.41,996,1,0,6,15,1,1
ACC834,Company_834,Medical,East,18030,80,0.27,-0.35,721,1,0,8,12,1,1
ACC835,Company_835,Construction,North,30334,12,0.91,0.47,1213,1,0,1,66,1,0
ACC836,Company_836,Tech,North,15571,83,0.31,-0.43,622,1,0,9,9,1,1
ACC837,Company_837,Tech,East,43719,84,0.26,-0.35,1748,1,0,9,10,1,1
ACC838,Company_838,Textile,West,29927,81,0.28,-0.44,1197,0,0,8,13,0,1
ACC839,Company_839,Textile,West,21714,86,0.22,-0.35,868,0,0,9,11,0,1
ACC840,Company_840,Medical,South,44541,78,0.34,-0.41,1781,0,0,7,20,0,1
ACC841,Company_841,Medical,East,24387,79,0.25,-0.35,975,1,0,7,12,1,1
ACC842,Company_842,Retail,South,29444,76,0.33,-0.43,1177,0,0,6,24,0,1
ACC843,Company_843,Retail,West,49908,82,0.27,-0.35,1996,1,1,8,14,1,1
ACC844,Company_844,Medical,South,20921,17,0.86,0.38,836,1,0,1,48,1,0
ACC845,Company_845,Medical,East,14057,80,0.31,-0.44,562,1,0,8,11,1,1
ACC846,Company_846,Construction,East,46268,74,0.34,-0.35,1850,0,0,5,33,0,1
ACC847,Company_847,Textile,East,25858,85,0.24,-0.41,1034,0,0,9,11,0,1
ACC848,Company_848,Retail,North,49689,83,0.28,-0.35,1987,0,0,9,9,0,1
ACC849,Company_849,Textile,South,45638,79,0.33,-0.43,1825,1,0,7,24,1,1
ACC850,Company_850,Textile,West,27062,77,0.26,-0.35,1082,0,0,6,22,0,1
ACC851,Company_851,Medical,West,37850,81,0.31,-0.44,1514,1,0,8,15,1,1
ACC852,Company_852,Construction,West,47486,75,0.25,-0.35,1899,0,0,6,18,0,1
ACC853,Company_853,Tech,North,21567,82,0.34,-0.41,862,0,1,8,14,0,1
ACC854,Company_854,Construction,North,30739,13,0.91,0.42,1229,1,1,1,54,1,0
ACC855,Company_855,Construction,East,44285,15,0.88,0.33,1771,1,0,1,48,1,0
ACC856,Company_856,Textile,West,4754,78,0.27,-0.35,190,0,0,7,20,0,1
ACC857,Company_857,Construction,North,28044,9,0.94,0.47,1121,0,0,0,72,0,0
ACC858,Company_858,Retail,East,2724,76,0.33,-0.43,108,0,0,6,24,0,1
ACC859,Company_859,Textile,West,2376,74,0.31,-0.35,95,1,0,5,28,1,1
ACC860,Company_860,Retail,South,9706,80,0.26,-0.44,388,1,0,8,12,1,1
ACC861,Company_861,Tech,East,9894,79,0.28,-0.35,395,0,1,7,12,1,1
ACC862,Company_862,Textile,North,19037,18,0.85,0.38,761,0,1,1,42,1,0
ACC863,Company_863,Tech,North,19450,77,0.34,-0.41,778,1,0,6,22,1,1
ACC864,Company_864,Textile,East,17406,85,0.22,-0.35,696,0,0,9,9,0,1
ACC865,Company_865,Medical,East,30725,75,0.33,-0.43,1229,1,0,6,15,1,1
ACC866,Company_866,Construction,North,6926,83,0.27,-0.35,277,1,0,9,11,1,1
ACC867,Company_867,Medical,South,40019,81,0.31,-0.44,1600,1,0,8,14,1,1
ACC868,Company_868,Tech,West,10496,16,0.87,0.42,419,1,0,1,60,1,0
ACC869,Company_869,Construction,South,37068,78,0.25,-0.35,1482,1,0,7,28,1,1
ACC870,Company_870,Textile,East,30806,14,0.92,0.31,1232,1,0,1,54,1,0
ACC871,Company_871,Construction,South,23663,82,0.34,-0.41,946,0,0,8,13,0,1
ACC872,Company_872,Retail,North,42321,10,0.93,0.47,1692,1,0,1,66,1,0
ACC873,Company_873,Construction,East,37495,84,0.26,-0.35,1499,1,0,9,10,1,1
ACC874,Company_874,Retail,West,23656,79,0.33,-0.43,946,0,0,7,24,0,1
ACC875,Company_875,Construction,North,26860,80,0.28,-0.35,1074,1,0,8,12,1,1
ACC876,Company_876,Retail,North,17832,17,0.85,0.38,713,0,0,1,48,0,0
ACC877,Company_877,Tech,West,39787,77,0.31,-0.44,1591,1,0,6,22,1,1
ACC878,Company_878,Medical,West,49231,11,0.91,0.42,1969,0,0,1,60,0,0
ACC879,Company_879,Textile,South,22727,76,0.34,-0.35,909,0,0,6,24,0,1
ACC880,Company_880,Construction,East,43815,75,0.25,-0.41,1752,1,0,6,15,1,1
ACC881,Company_881,Medical,West,30545,83,0.33,-0.35,1221,1,0,9,11,1,1
ACC882,Company_882,Textile,West,45522,78,0.27,-0.43,1820,1,0,7,22,1,1
ACC883,Company_883,Textile,East,3520,81,0.31,-0.35,140,1,0,8,14,1,1
ACC884,Company_884,Retail,West,4081,15,0.88,0.33,163,0,0,1,54,0,0
ACC885,Company_885,Tech,West,35196,14,0.92,0.47,1407,0,0,1,60,0,0
ACC886,Company_886,Tech,South,37735,84,0.26,-0.44,1509,0,0,9,9,1,1
ACC887,Company_887,Medical,North,40213,9,0.94,0.38,1608,1,0,0,72,1,0
ACC888,Company_888,Tech,North,15566,19,0.86,0.42,622,0,0,1,48,0,0
ACC889,Company_889,Construction,North,15042,82,0.28,-0.35,601,1,0,8,13,1,1
ACC890,Company_890,Tech,North,26498,21,0.78,0.31,1059,1,0,2,36,1,0
ACC891,Company_891,Medical,West,12329,77,0.34,-0.41,493,0,0,6,22,0,1
ACC892,Company_892,Tech,East,32656,85,0.25,-0.35,1306,1,1,9,8,1,1
ACC893,Company_893,Construction,East,3159,12,0.91,0.47,126,0,0,1,54,0,0
ACC894,Company_894,Retail,South,38900,79,0.33,-0.43,1556,1,1,7,24,1,1
ACC895,Company_895,Medical,South,20363,86,0.22,-0.35,814,0,1,9,11,1,1
ACC896,Company_896,Retail,West,48701,80,0.27,-0.44,1948,1,0,8,12,1,1
ACC897,Company_897,Retail,East,44241,83,0.31,-0.35,1769,0,0,9,9,1,1
ACC898,Company_898,Retail,East,20033,16,0.87,0.38,801,0,0,1,54,0,0
ACC899,Company_899,Textile,North,11805,84,0.26,-0.41,472,1,1,9,11,1,1
ACC900,Company_900,Textile,West,36851,78,0.34,-0.35,1474,1,0,7,28,1,1
ACC901,Company_901,Retail,West,27832,81,0.25,-0.43,1113,0,0,8,14,0,1
ACC902,Company_902,Medical,North,14944,79,0.33,-0.35,597,1,0,7,20,1,1
ACC903,Company_903,Construction,West,20873,14,0.92,0.42,834,1,0,1,60,1,0
ACC904,Company_904,Construction,West,41372,76,0.28,-0.44,1654,1,0,6,15,1,1
ACC905,Company_905,Tech,South,24928,85,0.27,-0.35,997,0,0,9,9,1,1
ACC906,Company_906,Medical,East,16379,77,0.31,-0.41,655,0,0,6,22,0,1
ACC907,Company_907,Textile,West,37751,18,0.85,0.31,1510,1,0,1,48,1,0
ACC908,Company_908,Retail,South,35546,87,0.22,-0.35,1421,1,0,9,10,1,1
ACC909,Company_909,Tech,East,25286,17,0.86,0.47,1011,0,0,1,54,0,0
ACC910,Company_910,Construction,North,6110,80,0.34,-0.43,244,1,0,8,12,1,1
ACC911,Company_911,Textile,South,13087,11,0.91,0.38,523,0,0,1,42,0,0
ACC912,Company_912,Textile,South,24762,78,0.26,-0.35,990,1,0,7,15,1,1
ACC913,Company_913,Retail,East,18081,9,0.93,0.42,723,1,0,0,72,1,0
ACC914,Company_914,Construction,North,35947,82,0.33,-0.44,1437,1,0,8,14,1,1
ACC915,Company_915,Medical,South,10596,79,0.28,-0.35,423,0,0,7,28,0,1
ACC916,Company_916,Textile,West,39019,83,0.31,-0.41,1560,0,0,9,11,0,1
ACC917,Company_917,Retail,West,43003,76,0.25,-0.35,1720,0,0,6,18,1,1
ACC918,Company_918,Medical,West,19313,75,0.34,-0.43,772,0,0,6,24,0,1
ACC919,Company_919,Construction,North,48639,10,0.94,0.33,1945,1,0,1,72,1,0
ACC920,Company_920,Textile,South,2013,81,0.27,-0.35,80,1,0,8,13,1,1
ACC921,Company_921,Medical,West,24705,15,0.89,0.47,988,0,0,1,54,0,0
ACC922,Company_922,Medical,North,2828,13,0.91,0.38,113,1,0,1,48,1,0
ACC923,Company_923,Medical,West,8909,77,0.33,-0.44,356,1,0,6,22,1,1
ACC924,Company_924,Textile,East,39356,80,0.26,-0.35,1574,0,1,8,12,1,1
ACC925,Company_925,Textile,South,14109,84,0.28,-0.41,564,1,1,9,9,1,1
ACC926,Company_926,Tech,South,3023,79,0.34,-0.35,120,1,0,7,14,1,1
ACC927,Company_927,Construction,North,15537,85,0.25,-0.43,621,0,0,9,10,1,1
ACC928,Company_928,Retail,North,27661,11,0.93,0.42,1106,1,0,1,66,1,0
ACC929,Company_929,Medical,South,39659,82,0.31,-0.35,1586,1,0,8,13,1,1
ACC930,Company_930,Tech,West,34848,14,0.91,0.31,1393,1,0,1,54,1,0
ACC931,Company_931,Retail,West,38804,83,0.27,-0.44,1552,0,0,9,11,0,1
ACC932,Company_932,Tech,East,16379,17,0.86,0.47,655,0,0,1,42,0,0
ACC933,Company_933,Textile,West,28766,78,0.33,-0.35,1150,1,0,7,24,1,1
ACC934,Company_934,Medical,North,44590,16,0.87,0.38,1783,1,0,1,48,1,0
ACC935,Company_935,Retail,North,3563,81,0.26,-0.41,142,1,0,8,12,1,1
ACC936,Company_936,Retail,West,37060,18,0.85,0.42,1482,0,0,1,54,0,0
ACC937,Company_937,Retail,North,30197,77,0.34,-0.35,1207,0,0,6,22,0,1
ACC938,Company_938,Retail,South,4586,12,0.91,0.33,183,0,0,1,48,0,0
ACC939,Company_939,Retail,South,17087,19,0.86,0.47,683,1,0,1,36,1,0
ACC940,Company_940,Tech,West,49868,86,0.25,-0.43,1994,1,0,9,10,1,1
ACC941,Company_941,Medical,South,24225,88,0.22,-0.35,969,1,0,9,8,1,1
ACC942,Company_942,Textile,South,30750,15,0.89,0.38,1230,1,0,1,42,1,0
ACC943,Company_943,Textile,East,7643,79,0.33,-0.44,305,1,0,7,12,1,1
ACC944,Company_944,Textile,East,28523,17,0.87,0.42,1140,0,0,1,54,0,0
ACC945,Company_945,Textile,South,37727,85,0.27,-0.35,1509,1,1,9,9,1,1
ACC946,Company_946,Tech,West,12005,80,0.31,-0.41,480,1,0,8,13,1,1
ACC947,Company_947,Construction,East,44543,10,0.93,0.31,1781,1,0,1,60,1,0
ACC948,Company_948,Medical,North,1161,78,0.34,-0.35,46,0,0,7,28,0,1
ACC949,Company_949,Retail,North,17029,14,0.91,0.47,681,1,0,1,54,1,0
ACC950,Company_950,Construction,North,15226,21,0.78,0.38,609,0,0,2,36,0,0
ACC951,Company_951,Textile,West,29731,16,0.86,0.42,1189,0,0,1,48,0,0
ACC952,Company_952,Construction,South,44922,76,0.33,-0.43,1796,0,0,6,24,1,1
ACC953,Company_953,Medical,North,45848,18,0.85,0.33,1833,0,0,1,54,0,0
ACC954,Company_954,Retail,West,4390,77,0.27,-0.35,175,0,0,6,22,1,1
ACC955,Company_955,Retail,East,6997,11,0.91,0.47,279,1,0,1,48,1,0
ACC956,Company_956,Medical,South,13693,13,0.92,0.38,547,1,0,1,60,1,0
ACC957,Company_957,Medical,East,43092,82,0.31,-0.44,1723,0,0,8,14,0,1
ACC958,Company_958,Textile,West,1541,17,0.86,0.42,61,0,0,1,42,0,0
ACC959,Company_959,Retail,North,22817,79,0.34,-0.35,912,0,0,7,28,0,1
ACC960,Company_960,Construction,North,38861,84,0.26,-0.41,1554,1,0,9,11,1,1
ACC961,Company_961,Tech,West,14428,78,0.33,-0.35,577,1,0,7,24,1,1
ACC962,Company_962,Tech,North,44934,85,0.25,-0.43,1797,0,0,9,9,1,1
ACC963,Company_963,Medical,South,49831,86,0.27,-0.35,1993,1,0,9,10,1,1
ACC964,Company_964,Textile,West,11258,83,0.31,-0.44,450,1,0,9,12,1,1
ACC965,Company_965,Tech,East,17044,76,0.34,-0.35,681,0,0,6,24,0,1
ACC966,Company_966,Retail,West,30411,80,0.26,-0.41,1216,0,0,8,12,1,1
ACC967,Company_967,Medical,South,6469,14,0.92,0.38,258,1,0,1,48,1,0
ACC968,Company_968,Construction,South,29854,77,0.33,-0.35,1194,1,0,6,22,1,1
ACC969,Company_969,Medical,West,7256,16,0.87,0.47,290,1,0,1,42,1,0
ACC970,Company_970,Construction,West,11720,12,0.91,0.42,468,0,0,1,60,0,0
ACC971,Company_971,Medical,North,34937,79,0.28,-0.43,1397,0,0,7,12,0,1
ACC972,Company_972,Medical,South,34598,18,0.85,0.33,1383,0,1,1,54,1,0
ACC973,Company_973,Medical,West,2651,15,0.89,0.38,106,1,0,1,48,1,0
ACC974,Company_974,Construction,West,20194,22,0.78,0.47,807,1,0,2,30,1,0
ACC975,Company_975,Construction,South,26051,81,0.34,-0.35,1042,0,0,8,14,0,1
ACC976,Company_976,Medical,West,28386,75,0.27,-0.44,1135,1,0,6,15,1,1
ACC977,Company_977,Tech,North,10518,84,0.33,-0.35,420,0,0,9,11,0,1
ACC978,Company_978,Textile,South,47026,11,0.91,0.42,1881,1,0,1,42,1,0
ACC979,Company_979,Textile,North,17184,14,0.92,0.31,687,0,1,1,60,1,0
ACC980,Company_980,Textile,North,34787,8,0.94,0.47,1391,1,0,0,72,1,0
ACC981,Company_981,Construction,North,22621,16,0.87,0.38,904,1,0,1,48,1,0
ACC982,Company_982,Construction,North,11028,10,0.93,0.42,441,0,0,1,54,0,0
ACC983,Company_983,Tech,South,13448,82,0.31,-0.43,537,0,0,8,13,0,1
ACC984,Company_984,Textile,North,46253,78,0.26,-0.35,1850,0,0,7,22,1,1
ACC985,Company_985,Textile,North,35051,83,0.34,-0.44,1402,0,0,9,12,0,1
ACC986,Company_986,Medical,West,31447,17,0.86,0.33,1257,0,0,1,42,0,0
ACC987,Company_987,Construction,South,19394,19,0.85,0.38,775,1,0,1,36,1,0
ACC988,Company_988,Textile,South,35501,86,0.25,-0.35,1420,0,1,9,9,0,1
ACC989,Company_989,Tech,East,31254,85,0.33,-0.41,1250,0,0,9,10,1,1
ACC990,Company_990,Tech,South,19509,79,0.27,-0.35,780,0,0,7,12,0,1
ACC991,Company_991,Textile,South,49998,80,0.31,-0.43,1999,0,1,8,13,0,1
ACC992,Company_992,Construction,East,15472,77,0.34,-0.35,618,0,0,6,22,1,1
ACC993,Company_993,Tech,South,46657,84,0.26,-0.44,1866,1,0,9,11,1,1
ACC994,Company_994,Medical,South,4471,9,0.93,0.47,178,0,0,0,66,1,0
ACC995,Company_995,Tech,South,42796,7,0.95,0.42,1711,0,0,0,84,0,0
ACC996,Company_996,Retail,South,31268,13,0.91,0.38,1250,0,0,1,60,0,0
ACC997,Company_997,Retail,East,9329,11,0.94,0.31,373,1,0,1,48,1,0
ACC998,Company_998,Construction,South,35865,6,0.96,0.47,1434,1,0,0,72,1,0
ACC999,Company_999,Textile,South,47850,15,0.89,0.42,1914,0,0,1,54,0,0